batch,city,country,hood,lat,lng,removed_file,status,new_file,evidence
1,Acapulco de Juarez,Mexico,Diamante,16.773348,-99.795861,"File:Parroquia de San Cipriano y San Javier (Diamante, Entre Ríos).jpg",done,File:Mellow Sunset (146847901).jpeg,Commons file GPS 486 m from the hood point; eye-checked; licence CC BY-SA 3.0
1,Addis Ababa,Ethiopia,Bole,8.983114,38.810085,"File:Bole, Capt. B.P. and Patsy 1917 c - DPLA - 0b3ccc73c2234a551e74e5a92957831a.jpg",none,,"no verified photo (geosearch to 2 km + text search, eye-checked): only airport and aircraft photos within 2 km"
1,Adelaide,Australia,Glenelg,-34.980383,138.513119,"File:Admiralty Chart No 1594 Kyle Rhea and the North Part of the Sound of Sleat, Published 1912.jpg",done,"File:Glenelg, South Australia 20260820-102458.jpg",Commons file GPS 85 m from the hood point; eye-checked; licence CC BY 4.0
1,Agra,India,Sadar Bazaar,27.158737,78.010012,File:Multan Cantt Sadar Bazaar.jpg,none,,"no verified photo (geosearch to 2 km + text search, eye-checked): no photo of the bazaar area; nearest are a statue and a church of unclear district"
1,Ahmedabad,India,CG Road / Ellisbridge,23.025454,72.556463,File:Blue Cloudy Sky.jpg,done,File:Mithakhali by Emmanuel Dyan.jpg,Commons file GPS 494 m from the hood point; eye-checked; licence CC BY 2.0
1,Al Ahmadi,Kuwait,Fintas,29.170469,48.1193,File:Salgotarjan pecsko aruhaz finta bejarat.jpg,none,,"no verified photo (geosearch to 2 km + text search, eye-checked): only meeting-room photos and a windscreen shot nearby"
1,Alexandria,Egypt,Gleem / Saba Pasha,31.239627,29.960276,File:Croatia-01556 - Stradun Street (10008323156).jpg,done,"File:Alexandria Corniche , photo by Hatem Moushir 16.jpg",Commons file GPS 338 m from the hood point; eye-checked; licence CC BY-SA 4.0
1,Alicante,Spain,Casco Antiguo (Santa Cruz),38.346541,-0.4815,File:Immeuble 1 Calle San Jorge - Séville (ES61) - 2023-04-24 - 2.jpg,done,File:Església parroquial de Santa Maria (Alacant) 02.jpg,Commons file GPS 143 m from the hood point; eye-checked; licence CC BY-SA 4.0
1,Amman,Jordan,Al-Balad (Downtown),31.951623,35.939289,"File:Al-Balad, Yeda, Arabia Saudita, 2025-05-24, DD 22.jpg",done,"File:The Roman Theater In Amman, Downtown 3..jpg",Commons file GPS 13 m from the hood point; eye-checked; licence CC BY-SA 3.0
1,Amritsar,India,Lawrence Road,31.645041,74.877256,File:Post box on Lawrence Road.jpg,none,,"no verified photo (geosearch to 2 km + text search, eye-checked): only a flooded-road shot, hotel fronts and people nearby"
1,Angra dos Reis,Brazil,Boa Vista / Portogalo,-23.034372,-44.197247,File:Boa Vista-PB - praça da cidade.jpg,done,File:Condomínio em PORTOGALO II - panoramio.jpg,Commons file GPS 1164 m from the hood point; eye-checked; licence CC BY 3.0
1,Angra dos Reis,Brazil,Praia do Bonfim,-23.020555,-44.332562,File:Santa Missa na Basílica Nossa Senhora da Conceição da Praia antes da Caminhada Penitencial 2024.jpg,done,File:Angra - panoramio (6).jpg,Commons file GPS 41 m from the hood point; eye-checked; licence CC BY-SA 3.0
1,Anshun,China,Hongshan Lake,26.26397,105.939501,File:South Lake Campus IMG 20141012 161051.jpg,none,,"no verified photo (geosearch to 2 km + text search, eye-checked): nearest files are temples 1.5 km+ away, none of the lake"
1,Antsiranana,Madagascar,Rue Colbert (Ville Haute),-12.273819,49.292636,File:Plaque Rue Colbert - Colombes (FR92) - 2024-04-01 - 2.jpg,done,File:La poste Antsiranana Madagascar.jpg,Commons file GPS 443 m from the hood point; eye-checked; licence CC BY-SA 4.0
1,Antwerp,Belgium,Stationsbuurt,51.21602,4.42105,"File:HUA-168032-Afbeelding van het plaatsen van een goederenwagen type Hbis van de N.S. op een oplegger van een vrachtauto (""rolwagenvervoer"" of ""strassenroller"") van de firma Stoof te Breda.jpg",done,File:Antwerp Central Station 2024-10-28 - 06.jpg,Commons file GPS 2 m from the hood point; eye-checked; licence CC BY-SA 2.0
1,Aomori,Japan,Furukawa,40.822865,140.736441,File:Jin Hyek Oh and Takaharu Furukawa (7745228612).jpg,done,"File:ASPAM seen from Hakko Street, Aomori - Jan 25, 2010.jpg",Commons file GPS 79 m from the hood point; eye-checked; licence CC BY 2.0
1,Aomori,Japan,Honmachi,40.824409,140.748371,File:Fudodori shopping street honmachi shibuya-2.JPG,done,File:Shogaku-ji (Aomori).jpg,Commons file GPS 80 m from the hood point; eye-checked; licence CC BY-SA 4.0
1,Arusha,Tanzania,Kijenge / Themi,-3.378548,36.707854,File:Kvarnen Furusund.jpg,done,File:Streets of Arusha (15).jpg,Commons file GPS 521 m from the hood point; eye-checked; licence CC BY-SA 4.0
1,Astana,Kazakhstan,Almaty District,51.139675,71.476959,"File:Алматы, мусорный бак на площади Астана.jpg",none,,"no verified photo (geosearch to 2 km + text search, eye-checked): only referendum kiosks and polling-station doors"
1,Asunción,Paraguay,Centro (Historic Downtown),-25.282059,-57.637806,"File:Puerta del Sol, Iglesia de Nuestra Señora de la Asunción (Aroche).jpg",done,File:Panteón nacional de los Héroes - Paraguay.jpg,Commons file GPS 281 m from the hood point; eye-checked; licence CC BY-SA 4.0
1,Aurangabad,India,CIDCO,19.873947,75.366856,File:CIDCO Low Income Housing.jpg,none,,"no verified photo (geosearch to 2 km + text search, eye-checked): only hotel interiors nearby"
1,Avignon,France,Intra-Muros (Walled Old Town),43.950852,4.807697,File:Urbino 20000 07.jpg,done,File:Palais des papes (Avignon) (2).jpg,Commons file GPS 12 m from the hood point; eye-checked; licence CC BY-SA 4.0
1,Baden-Baden,Germany,Kurgebiet (Spa Quarter),48.760204,8.236728,"File:Bad Sooden-Allendorf - Kurgebiet mir Brunnen, Fachwerkhäuser.JPG",done,File:Baden-Baden 10-2015 img41 Pump house.jpg,Commons file GPS 92 m from the hood point; eye-checked; licence CC BY-SA 3.0
1,Bamako,Mali,Hippodrome,12.665771,-7.972909,File:FranceNormandieArgentanHippodromeGabrieleGelorminiEpicurien.jpg,none,,"no verified photo (geosearch to 2 km + text search, eye-checked): only people portraits and a rubbish-strewn street 1 km away"
1,Bamberg,Germany,Cathedral Hill (Domberg),49.890775,10.882516,File:Cathedral Hill - 411-413 Queen - 02.jpg,done,"File:Bamberg, Dom, Westansicht, 20150927, 001.jpg",Commons file GPS 9 m from the hood point; eye-checked; licence CC BY-SA 4.0
2,Bamberg,Germany,Sandgebiet (Sand District),49.891703,10.884948,"File:View of the Connecticut River Valley from the summit of Skinner State Park, by Carol M. Highsmith, 2019, from the Library of Congress - master-pnp-highsm-57700-57707a.tiff",done,File:Bamberg Am Kranen 12 BW 2.jpg,Commons file GPS 99 m from the hood point; eye-checked; licence CC BY-SA 3.0
2,Banff,Canada,Lake Louise Village,51.178679,-115.571398,File:Golden-Mantled Ground Squirrel Moraine Lake.jpg,none,,"no verified photo (geosearch to 2 km + text search, eye-checked): the hood point sits in Banff town, 57 km from Lake Louise village, so nothing near it is the village; hood point flagged"
2,Banyuwangi,Indonesia,Alun-alun / Taman Blambangan (Town Center),-8.212318,114.376479,File:Alun-alun kidul dan Sasana Hinggil Dwi Abad.jpg,none,,"no verified photo (geosearch to 2 km + text search, eye-checked): only batik close-ups, people and a station street nearby"
2,Baracoa,Cuba,El Paraíso,20.347437,-74.498758,File:Danlí.jpg,done,File:Baracoa - panoramio.jpg,Commons file GPS 49 m from the hood point; eye-checked; licence CC BY-SA 3.0
2,Bariloche,Argentina,Playa Bonita,-41.122914,-71.400698,"File:DOM Las Terrenas, Playa Bonita 0015.jpg",none,,"no verified photo (geosearch to 2 km + text search, eye-checked): only dashcam frames and a bird"
2,Barranquilla,Colombia,Alto Prado,11.004668,-74.811233,File:Iglesia de San Pelayo (Robledo de la Guzpeña).jpg,none,,"no verified photo (geosearch to 2 km + text search, eye-checked): only a clinic, food, portraits and a single house"
2,Barranquilla,Colombia,Buenavista,11.01331,-74.827488,File:ConcepcionB20.JPG,done,File:Centro Comercial Buenavista - panoramio.jpg,Commons file GPS 48 m from the hood point; eye-checked; licence CC BY-SA 3.0
2,Barranquilla,Colombia,Villa Country,11.006393,-74.804652,File:Birmingham Crematorium - Andy Mabbett - 21 December 2013 - 06.jpg,done,File:Barranquilla skyscrapers.JPG,Commons file GPS 294 m from the hood point; eye-checked; licence CC BY-SA 4.0
2,Basseterre,St. Kitts and Nevis,Southeast Peninsula (Christophe Harbour),17.233844,-62.642305,File:Map of Malay Peninsula 1530-1730.jpg,done,File:Wind in the Great Salt Marsh - panoramio.jpg,Commons file GPS 1876 m from the hood point; eye-checked; licence CC BY-SA 3.0
2,Batumi,Georgia,New Boulevard,41.629621,41.599597,File:Sutphin Bl IND td (2018-12-04) 12 - Mezzanine.jpg,done,File:Набережная Батуми - panoramio.jpg,Commons file GPS 141 m from the hood point; eye-checked; licence CC BY 3.0
2,Belize City,Belize,Kings Park,17.508322,-88.19376,"File:Houses in Kings Park, Virginia.jpg",none,,"no verified photo (geosearch to 2 km + text search, eye-checked): only dashcam frames"
2,Belém,Brazil,Cidade Velha,-1.46195,-48.506221,File:Cidade Velha - Ort von Westen mit Steilküste.JPG,done,File:Rua Dr Assis 575 Cidade Velha Belém Pará 2023-7814.jpg,Commons file GPS 217 m from the hood point; eye-checked; licence CC BY 4.0
2,Biarritz,France,Les Halles / Town Center,43.481147,-1.563033,File:Panneau Les Halles.jpg,done,File:Marché de Biarritz.jpg,Commons file GPS 12 m from the hood point; eye-checked; licence Public domain
2,Boracay,Philippines,Station 1,11.96896,121.918599,File:Mortuary receiving railway station 1 a.jpg,done,File:Boracay Willys Rock.jpg,Commons file GPS 99 m from the hood point; eye-checked; licence CC BY-SA 4.0
2,Boracay,Philippines,Station 2,11.960996,121.924644,File:Anonas station (Line 2) (Central; 07-06-2023) E911a 01.jpg,done,File:Boracay (8722579789).jpg,Commons file GPS 142 m from the hood point; eye-checked; licence CC BY 2.0
2,Boracay,Philippines,Station 3,11.953515,121.929045,"File:09502jfJ. P. Rizal Avenue MRT Guadalupe Bridge Viejo Poblacion Guadalupe Nuevo, Makati Cityfvf 29.jpg",done,"File:White sand beach, Boracay Island - panoramio (2).jpg",Commons file GPS 38 m from the hood point; eye-checked; licence CC BY 3.0
2,Brades,Montserrat,Woodlands,16.763277,-62.220599,File:-i---i- (32690965937).jpg,none,,"no verified photo (geosearch to 2 km + text search, eye-checked): only plant close-ups"
2,Bridgetown,Barbados,Hastings/Rockley,13.074714,-59.588724,"File:""The Landing"" on Pelham Beach, Hastings - geograph.org.uk - 7821315.jpg",done,"File:Accra Beach, Barbados (53612524362).jpg",Commons file GPS 113 m from the hood point; eye-checked; licence CC BY-SA 2.0
2,Bridgetown,Barbados,Worthing,13.074703,-59.583682,File:Airborne Kitesurfer - geograph.org.uk - 3901902.jpg,done,File:A beach in Barbados (53617302471).jpg,Commons file GPS 530 m from the hood point; eye-checked; licence CC BY-SA 2.0
2,Brugge,Belgium,Sint-Gillis,51.214841,3.226857,File:De Smokkelaar - panoramio.jpg,done,File:Brugge Sint-Gilliskerkhof R02.jpg,Commons file GPS 33 m from the hood point; eye-checked; licence CC BY-SA 4.0
2,Brugge,Belgium,Station Quarter (Stationsbuurt),51.197408,3.217523,File:Back of the window inside Jewellery Quarter station.jpg,done,File:Station Brugge - 335193 - onroerenderfgoed.jpg,Commons file GPS 30 m from the hood point; eye-checked; licence CC BY 4.0
2,Bukhara,Uzbekistan,Jewish Quarter,39.771965,64.420222,"File:Costumes, characters and ceremonies, etc. Feast of Tabernacles (Sukkot). Jews of Bokhara (i.e. Bukhara) LOC matpc.07559.jpg",done,"File:Бухара, еврейский дом на Саррафоне.jpg",Commons file GPS 14 m from the hood point; eye-checked; licence CC BY-SA 4.0
2,Bulawayo,Zimbabwe,Suburbs,-20.157791,28.600754,File:Bedara Kannappa temple road.jpg,none,,"no verified photo (geosearch to 2 km + text search, eye-checked): only meetings, crafts and a memorial of unclear district"
2,Cabo Frio,Brazil,Braga,-22.896259,-42.027254,File:Brannon Braga (16434622764) (cropped).jpg,done,File:Gaivota olhando o mar.jpg,Commons file GPS 67 m from the hood point; eye-checked; licence CC BY-SA 4.0
2,Cadiz,Spain,El Mentidero,36.532091,-6.298193,https://www.flickr.com/photos/131253119@N03/16811184137/,done,File:Vistas desde la Torre Tavira (20459765368).jpg,Commons file GPS 24 m from the hood point; eye-checked; licence CC BY-SA 2.0
3,Calabar,Nigeria,Calabar South (Old Calabar),4.961856,8.318426,"File:Admiralty Chart No 622 Bonny and New Calabar Rivers, Published 1914, New Edition 1930.jpg",done,"File:Old Residency Museum aka Nigeria's first 'Aso-rock', Calabar, Cross River state.jpg",Commons file GPS 662 m from the hood point; eye-checked; licence CC BY-SA 4.0
3,Calabar,Nigeria,State Housing Estate,4.986724,8.335574,"File:Der Hügel der Opfer des Zweiten Weltkriegs und Gefallenendenkmal von Lajos Visnyovszky, 2025 Lónyaytelep.jpg",none,,"no verified photo (geosearch to 2 km + text search, eye-checked): only people, food and a roundabout elsewhere in the city"
3,Cali,Colombia,Ciudad Jardín,3.364795,-76.537252,File:Clínica odontológica.jpg,none,,"no verified photo (geosearch to 2 km + text search, eye-checked): only birds, a seminar and university sports courts"
3,Cali,Colombia,El Peñón,3.449643,-76.541959,File:MunsSantander-elpenon.png,none,,"candidate found but poor as a main photo (mostly trees, the house hidden); no better verified photo"
3,Campeche,Mexico,Barrio de Santa Ana,19.838758,-90.528145,File:Sevilla-Barrio de Triana-Iglesia de Santa Ana-20110915.jpg,none,,"no verified photo (geosearch to 2 km + text search, eye-checked): all nearby files share one city-centre point (cathedral, bastions), none of Santa Ana"
3,Caracas,Venezuela,El Rosal,10.489045,-66.864769,File:Tardes Desde El Barrio Loma La Virgen.jpg,none,,candidate found but poor as a main photo (top-down view of a bar roof); no better verified photo
3,Caracas,Venezuela,La Castellana,10.504348,-66.856229,File:1930 ARQUITECTURA 50.jpg,none,,"no verified photo (geosearch to 2 km + text search, eye-checked): only office meetings, a portrait and PDVSA's gate"
3,Carcassonne,France,La Cité (Walled Citadel),43.216334,2.353878,File:20181115 202819150 iOS.jpg,done,File:Carcassonne la médiévale.jpg,"subject is La Cité itself (Commons category: Rear views of the Château de Carcassonne, the castle inside La Cité), camera about 1 km north-west; the hood point is wrong (by the station), logged; eye-checked; licence CC BY-SA 4.0"
3,Carcassonne,France,Trivalle,43.20934,2.365095,File:Ancienne gare de Mons-la-Trivalle.jpg,done,"File:Rue Trivalle, Carcassonne (3990443741).jpg",Commons file GPS 261 m from the hood point; eye-checked; licence CC BY-SA 2.0
3,Cartagena,Colombia,San Diego,10.428269,-75.547321,File:Church of San Diego Cartagena.jpg,done,File:Calle colorida de Cartagena.jpg,Commons file GPS 125 m from the hood point; eye-checked; licence CC BY-SA 4.0
3,Cayenne,French Guiana,Bourda,4.935842,-52.286606,File:Bourda.jpg,none,,"no verified photo (geosearch to 2 km + text search, eye-checked): nearest are Montabo beach (another district) and a title-only Bourda file with no location data"
3,Chaozhou,China,Ancient City (Paifang Street / Old Town),23.655996,116.647625,File:96 Zhongshan East Street (Xin'an County Government) 广州府新安县衙 中山东街96 (2026) - img 02.jpg,done,File:Chaozhou Laocheng Guminju Jianzhuqun 2013.10.27 11-28-35.jpg,Commons file GPS 823 m from the hood point; eye-checked; licence CC BY-SA 4.0
3,Charlotte Amalie,U.S. Virgin Islands,Frenchman's Bay / Morningstar,18.319968,-64.919402,"File:Beachfront Park in Pickering, June 6 2026.jpg",done,File:St Thomas Marriott 1.jpg,Commons file GPS 219 m from the hood point; eye-checked; licence CC BY-SA 3.0
3,Charlotte Amalie,U.S. Virgin Islands,Frenchtown,18.338292,-64.941012,File:Delaware River Scenic Byway - Downtown Frenchtown Street - NARA - 7718019.jpg,done,File:Saint Anne's Chapel - Frenchtown.JPG,Commons file GPS 190 m from the hood point; eye-checked; licence CC BY-SA 4.0
3,Chengde,China,Xinhua Road Commercial District,40.96923,117.93944,File:GD 廣東 Guangdong 中山市 Zhongshan 東區 Dong District 起灣道 QiWan Avenue 中山五路 Zhongshan 5th Road 紫馬廣場 Holiday Park mall 廣東新華書局 Guangdong XinHua Books August 2024 R12S 18.jpg,done,File:22104-Chengde (49048668593).jpg,Commons file GPS 539 m from the hood point; eye-checked; licence CC BY 2.0
3,Chios,Greece,Chora (Chios Town),38.371727,26.13663,File:Milky way Samos.jpg,done,File:Η ΠΛΑΤΕΙΑ ΣΤΟ ΚΑΣΤΡΟ.jpg,Commons file GPS 221 m from the hood point; eye-checked; licence CC BY-SA 4.0
3,Cienfuegos,Cuba,Punta Gorda,22.117728,-80.453378,File:Marca de la Memoria - Casa de Punta Gorda.jpg,done,File:Palacio del Valle - Cienfuegos - 01.jpg,Commons file GPS 481 m from the hood point; eye-checked; licence CC0
3,Cluj-Napoca,Romania,Centru (Piata Unirii),46.769441,23.589185,"File:A yard at A. Pushkin st. 52, looking SW - panoramio.jpg",done,File:Piața Unirii din Cluj-Napoca (52055213738).jpg,Commons file GPS 74 m from the hood point; eye-checked; licence CC BY-SA 2.0
3,Cochin,India,Marine Drive,9.977168,76.277323,File:Marine Drive Mumbai 2.jpg,done,File:Ernakulam Marine drive skyline IMG 20260505 184852977.jpg,Commons file GPS 218 m from the hood point; eye-checked; licence CC BY-SA 4.0
3,Cork,Ireland,Western Road (UCC),51.894662,-8.494622,File:Approaching Royal Oak tube station - geograph.org.uk - 7754378.jpg,done,File:Western Road - panoramio.jpg,Commons file GPS 85 m from the hood point; eye-checked; licence CC BY-SA 3.0
3,Cortina d'Ampezzo,Italy,Corso Italia (Town Center),46.536928,12.137184,File:Corso Italia 2021 05.jpg,done,File:Cortina d'Ampezzo - Corso Italia.jpg,Commons file GPS 211 m from the hood point; eye-checked; licence CC BY-SA 3.0
3,Cotonou,Benin,Haie Vive,6.351652,2.398643,"File:Arbusto junto con pasto seco, en un ambiente urbano..jpg",none,,candidate found but poor as a main photo (dark night street); no better verified photo
3,Cox's Bazar,Bangladesh,Sugandha Point,21.425319,91.97928,File:Kanyakumari Sun rise spot.jpg,done,File:Cox's bazar town view at sugondha point.jpg,Commons file GPS 453 m from the hood point; eye-checked; licence CC BY-SA 3.0
3,Cuenca,Ecuador,El Centro Histórico,-2.896008,-79.005168,"File:(Museo Casa del Alabado) interior, pic bb7.JPG",done,File:Vista panorámica del Centro Histórico de Cuenca.jpg,Commons file GPS 167 m from the hood point; eye-checked; licence CC BY-SA 4.0
3,Cuenca,Ecuador,El Ejido,-2.902388,-79.008402,"File:(El Ejido, Quito) pic a1a Fountains in Quito Photography by David Adam Kess.jpg",done,"File:Río Tomebamba desde el Paseo 3 de Noviembre, Cuenca.jpg",Commons file GPS 229 m from the hood point; eye-checked; licence CC BY-SA 4.0
4,Cuenca,Ecuador,San Sebastián,-2.895596,-79.011158,"File:Giacomo Francia, San Sebastian, Google Arts and Culture.jpg",done,File:Cuenca Iglesia San Sebastián seen from the south.jpg,Commons file GPS 15 m from the hood point; eye-checked; licence CC BY-SA 4.0
4,Cuiabá,Brazil,Araés,-15.588239,-56.090516,File:Schweisdorf Kirche Altar-20190616-RM-145031.jpg,none,,"no verified photo (geosearch to 2 km + text search, eye-checked): nearest is the Rosário church in the historic centre, not Araés; nothing else usable"
4,Cusco,Peru,Santa Ana,-13.515519,-71.985701,"File:First Baptist Church of Santa Ana, at 1011 Seventeenth Street.png",done,File:Fiestas patrias Cusco 2023 016.jpg,Commons file GPS 128 m from the hood point; eye-checked; licence CC BY-SA 4.0
4,Da Lat,Vietnam,City Centre (Hoa Binh Square & Xuan Huong Lake),11.94352,108.43721,File:Calle Imperial (85945).jpg,done,File:Xuân Hương Lake (16373034750).jpg,Commons file GPS 389 m from the hood point; eye-checked; licence CC BY 2.0
4,Dallas,United States,Bishop Arts District,32.747256,-96.83041,File:Bishop Residence.JPG,done,"File:Bishop Arts District September 2016 3 (Indigo, Zen, and SalonOLines).jpg",Commons file GPS 308 m from the hood point; eye-checked; licence CC BY-SA 4.0
4,Dar es Salaam,Tanzania,City Centre / Kivukoni,-6.814197,39.290137,File:Coconut palms (25819100123).jpg,done,"File:Shaaban Robert Street, Kivukoni ward, Ilala District.jpg",Commons file GPS 482 m from the hood point; eye-checked; licence CC BY-SA 4.0
4,Datong,China,Datong Ancient City,40.090296,113.295246,File:Pingyaogucheng Railway Station.jpg,done,File:Datong Gulou 2013.08.29 10-29-57.jpg,Commons file GPS 23 m from the hood point; eye-checked; licence CC BY-SA 3.0
4,Datong,China,Hongqi Square (Downtown),40.094853,113.283565,File:Platform of Jianshe Square Station (20220824144539).jpg,done,"File:Datong, Shanxi, China - panoramio.jpg",Commons file GPS 435 m from the hood point; eye-checked; licence CC BY 3.0
4,Davao,Philippines,Bajada,7.088282,125.605354,File:1718704127742 20240617 BAJADA Thomas MT 007.jpg,done,File:Abreeza Tower - Seda Hotel - panoramio.jpg,Commons file GPS 618 m from the hood point; eye-checked; licence CC BY 3.0
4,Denizli,Türkiye,Bayramyeri / City Center,37.769792,29.09265,"File:The Salepci Oglu Mosque, Bayramyeri, Izmir, Turkey.jpg",done,File:Mosquée Delikliçınar-Denizli.jpg,Commons file GPS 594 m from the hood point; eye-checked; licence CC BY-SA 4.0
4,Denizli,Türkiye,Çamlık,37.748683,29.086362,"File:Çamlık, Selçuk.jpg",none,,candidate found but poor as a main photo (a single bush in a park); no better verified photo
4,Dhaka,Bangladesh,Banani,23.793671,90.406608,"File:ASC Leiden - W.E.A. van Beek Collection - Dogon lifestock 01 - A herd of goats near the mountain of Yugo, Banani, Mali 1980.jpg",done,File:Ahmed Tower Banani.jpg,Commons file GPS 174 m from the hood point; eye-checked; licence CC BY-SA 4.0
4,Dili,Timor-Leste,Farol,-8.548265,125.568377,File:Farol da barra.jpg,done,"File:Dili Harbor Lighthouse, 2023 (03).jpg",Commons file GPS 19 m from the hood point; eye-checked; licence CC BY-SA 4.0
4,Djanet,Algeria,Ifri,24.481223,9.506624,File:Soda Ifri - 20110516 (1).jpg,none,,"no verified photo (geosearch to 2 km + text search, eye-checked): only a road sign at the district edge"
4,Durban,South Africa,Florida Road (Morningside),-29.827503,31.010291,File:Airport S FL17 - W FL64.jpg,done,File:Along Florida Road (54331633898).jpg,Commons file GPS 771 m from the hood point; eye-checked; licence CC BY 2.0
4,Durham,United Kingdom,City Centre & The Bailey,54.771046,-1.578435,File:Two New Bailey Salford February 2025.jpg,done,File:Restoration of Prebends Bridge over the River Wear in Durham City - geograph.org.uk - 2354200.jpg,Commons file GPS 59 m from the hood point; eye-checked; licence CC BY-SA 2.0
4,Durrës,Albania,Qendra (Historic Center & Port),41.312123,19.445002,File:Emergency UCCK.jpg,done,File:Amphitheatre of Durrës Albania 2018 2.jpg,Commons file GPS 41 m from the hood point; eye-checked; licence CC BY-SA 4.0
4,Dushanbe,Tajikistan,Shah Mansur (Green Bazaar),38.566841,68.801197,File:India2012 Maharashtra Bid Mansur Shah Dargah.jpg,none,,"no verified photo (geosearch to 2 km + text search, eye-checked): only a demolition site and grey street shots"
4,Dushanbe,Tajikistan,Zarafshon,38.584404,68.718478,File:Qishloq koʻchalaridan biri.jpg,none,,"no verified photo (geosearch to 2 km + text search, eye-checked): only school groups and festival decorations of unclear district"
4,Edirne,Türkiye,Kiyik,41.678208,26.568853,File:Gazella subgutturosa subgutturosa Zoo Karlsruhe 2025-09-01T16-27-31.jpg,done,File:Amcazade Hüseyin Paşa Çeşmesi.jpg,Commons file GPS 342 m from the hood point; eye-checked; licence CC BY-SA 4.0
4,Eilat,Israel,Coral Beach,29.507946,34.921068,"File:Blue Coral Beach, Kissonerga, Kypr 01.jpg",done,File:Eilat Coral Reserve.jpg,Commons file GPS 168 m from the hood point; eye-checked; licence CC BY 4.0
4,Eilat,Israel,New Tourist Center,29.54972,34.958825,"File:Florida Marine Welcome Center, Fernandina Beach, Florida LCCN2017712533.tif",done,File:Eilat Hilton QueenHotel E17.jpg,Commons file GPS 112 m from the hood point; eye-checked; licence CC BY-SA 4.0
4,Eilat,Israel,North Beach,29.551181,34.965207,File:Locomotive and tractor on display LCCN2016824036.tif,done,File:Drone Flight over Eilat Facing West.JPG,Commons file GPS 72 m from the hood point; eye-checked; licence CC BY-SA 4.0
4,Eilat,Israel,The Lagoon / Marina,29.554255,34.960126,File:Trifid and Lagoon nebulae.jpg,done,File:Eilat Lagoon.jpg,Commons file GPS 478 m from the hood point; eye-checked; licence CC BY-SA 3.0
4,El Calafate,Argentina,Av. del Libertador (Main Street),-50.339309,-72.281759,File:A PASO DE HOMBRE.jpg,done,File:El Calafate - centrum - panoramio (1).jpg,Commons file GPS 1178 m from the hood point; eye-checked; licence CC BY 3.0
5,El Chaltén,Argentina,Village Center,-49.331956,-72.886044,File:Fallschase Village Center sign.jpg,done,File:Argentina 2015-11-21 (24873659906).jpg,Commons file GPS 120 m from the hood point; eye-checked; licence CC BY-SA 2.0
5,El Nido,Philippines,Corong-Corong,11.169305,119.394681,File:032 Corong.jpg,done,"File:El Nido, Palawan, Philippines - panoramio (9).jpg",Commons file GPS 154 m from the hood point; eye-checked; licence CC BY 3.0
5,El Nido,Philippines,Las Cabanas / Marimegmeg Beach,11.146773,119.396754,File:Castle of Las Cabañas de Castilla 004.JPG,done,File:Las Cabanas Beach - panoramio (1).jpg,Commons file GPS 28 m from the hood point; eye-checked; licence CC BY 3.0
5,Encarnación,Paraguay,Centro,-27.339031,-55.866862,File:Shopping Mall Interior (48844005991).jpg,done,File:J30 993 Catedral de Nuestra Señora de la Encarnación (cropped).jpg,Commons file GPS 7 m from the hood point; eye-checked; licence CC BY-SA 4.0
5,Ensenada,Mexico,Estero Beach,31.77839,-116.616273,File:Spiaggia cuba.jpg,none,,"no verified photo (geosearch to 2 km + text search, eye-checked): only a bird photo within 2 km"
5,Ensenada,Mexico,Zona Costero (Hotel Zone),31.832704,-116.609309,File:MINISTRO DE DEFENSA LLEVÓ AYUDA HUMANITARIA A PIURA Y COORDINÓ ACCIONES PARA ENFRENTAR EFECTOS DEL FENÓMENO DEL NIÑO COSTERO.jpg,none,,"no verified photo (geosearch to 2 km + text search, eye-checked): only food, a fishmonger and navy ships 2 km away"
5,Erbil,Iraq,Gulan Street,36.202183,43.981716,"File:Guláns, Ponteareas, cruceiro.jpg",none,,"no verified photo (geosearch to 2 km + text search, eye-checked): only a consulate at night, roses and space photos"
5,Erbil,Iraq,Italian Village,36.187962,43.967441,"File:Columbus, Ohio fire station 06.jpg",none,,"no verified photo (geosearch to 2 km + text search, eye-checked): only a hotel, a library and portraits about 1 km away"
5,Essaouira,Morocco,Quartier des Dunes / Borj (Beach),31.49963,-9.759853,File:03 2018 Église luthérienne Saint-Pierre.jpg,done,"File:Essaouira Beach, Morocco - panoramio (6).jpg",Commons file GPS 561 m from the hood point; eye-checked; licence CC BY-SA 3.0
5,Faro,Portugal,Baixa / Marina (Downtown),37.016104,-7.933248,File:Buddhist Colony hike (26313632253).jpg,done,"File:12-09-2017 Rua Dom Francisco Gomes, Faro.JPG",Commons file GPS 76 m from the hood point; eye-checked; licence CC BY-SA 4.0
5,Fenghuang,China,East Gate (Dongmen),27.951465,109.600925,File:Викиштанд 10.10.2022 (05).jpg,done,File:凤凰古城升恒门.jpg,Commons file GPS 15 m from the hood point; eye-checked; licence CC BY-SA 4.0
5,Fethiye,Türkiye,Çalış Beach,36.669061,29.104086,File:Beach handball at the 2018 Summer Youth Olympics – Girls Gold Medal Match 0249.jpg,done,File:Çalış Beach.jpg,Commons file GPS 856 m from the hood point; eye-checked; licence CC BY-SA 4.0
5,Flores,Guatemala,Flores Island (Isla de Flores),16.929192,-89.892022,File:Cow Bay Beach .jpg,done,File:Colourful streets in Isla de Flores.jpg,Commons file GPS 122 m from the hood point; eye-checked; licence CC BY 4.0
5,Flores,Guatemala,Santa Elena,16.913076,-89.895729,File:Ballenita 4.jpg,none,,"no verified photo (geosearch to 2 km + text search, eye-checked): nearby files show Flores island across the lake, not Santa Elena itself"
5,Fort-de-France,Martinique,Bellevue / Redoute,14.624649,-61.071293,File:Rosa Bellevue 2019-06-05 7362.jpg,none,,"no verified photo (geosearch to 2 km + text search, eye-checked): only waterfall drone shots and an old villa of unclear district"
5,Foz do Iguaçu,Brazil,Vila Portes / Jardim das Nações,-25.516359,-54.588369,File:Attention Seeking Scarecrows (23173895794).jpg,none,,"no verified photo (geosearch to 2 km + text search, eye-checked): only Unsplash portraits and a flooded street"
5,Freetown,Sierra Leone,Aberdeen,8.491902,-13.287994,File:Aberdeen - Municipal Buildings (15350073551).jpg,done,"File:Aberdeen, Freetown, Sierra Leone - panoramio - Ghassan Mroue.jpg",Commons file GPS 1075 m from the hood point; eye-checked; licence CC BY-SA 3.0
5,Freetown,Sierra Leone,Central Freetown (Downtown),8.487227,-13.235601,"File:Carte itinéraire des découvertes faites en 1823 par le Dr Oudney, le Major Denham et le Lieutenant Clapperton (33746955104).jpg",done,"File:Cotton tree in Freetown, SL - Mapillary (yIBZ74r6IsUFOaWtAPwhWw).jpg",Commons file GPS 9 m from the hood point; eye-checked; licence CC BY-SA 4.0
5,Freetown,Sierra Leone,Congo Cross / Wilberforce,8.483156,-13.259425,File:Croix du Congo - Questembert (Morbihan).jpg,none,,"no verified photo (geosearch to 2 km + text search, eye-checked): only a sunset and distant bay views over 900 m away"
5,Garmisch-Partenkirchen,Germany,Olympic Quarter,47.480093,11.119318,"File:Argentina vs. France, 2024 Summer Olympic rugby sevens, men's quarter-final, 2024-07-25 (165).jpg",done,File:20230608 Olympiaschanze Garmisch-Partenkirchen.jpg,Commons file GPS 166 m from the hood point; eye-checked; licence CC BY 4.0
5,Gaziantep,Türkiye,Bey Mahallesi (Old City),37.062971,37.376714,File:Osman Hamdi Bey - The Tortoise Trainer - Google Art Project.jpg,done,File:Gaziantep Bedesten Sokak in 2024 8056.jpg,Commons file GPS 220 m from the hood point; eye-checked; licence CC BY-SA 4.0
5,Georgetown,Guyana,Bel Air Park,6.809125,-58.143027,File:Parc Bel-Air de Tarbes (Hautes-Pyrénées) 6.jpg,none,,"no verified photo (geosearch to 2 km + text search, eye-checked): only cathedral interiors (with wrong GPS) and birds"
5,Georgetown,Guyana,Queenstown,6.811443,-58.150855,"File:Dairn and Phillip, Queenstown 1991 (5445556).jpg",none,,"no verified photo (geosearch to 2 km + text search, eye-checked): only fisheye dashcam frames"
5,Gisenyi,Rwanda,Kigufi,-1.750873,29.27929,File:Lake muhazi king fisher resort.jpg,none,,"no verified photo (geosearch to 2 km + text search, eye-checked): only Lake Kivu shots over 1.2 km away, not Kigufi"
5,Glasgow,United Kingdom,West End,55.878212,-4.295714,File:10 WEA 2016 July jeh.jpg,done,File:DSCN4472 Kelvinside Hillhead Parish Church.jpg,Commons file GPS 176 m from the hood point; eye-checked; licence CC BY-SA 4.0
6,Gondar,Ethiopia,Piazza (City Centre),12.610888,37.468179,File:Piazza Duomo (Prato) con neve.JPG,done,File:Loves2020Africa (8).jpg,Commons file GPS 230 m from the hood point; eye-checked; licence CC BY-SA 3.0
6,Gothenburg,Sweden,Vasastan,57.695143,11.968264,"File:Kvarteret Isotopen, Solnavägen 1 och Brf Helix (västra tornet) i bakgrunden, oktober 2022b.jpg",done,File:Föreningsgatan-Karl Gustavsgatan i Göteborg.JPG,Commons file GPS 29 m from the hood point; eye-checked; licence CC BY-SA 3.0
6,Grenoble,France,Championnet,45.185364,5.722192,File:Statue de Jean-Étienne Championnet - Valence -2014-09-28- P1940385.JPG,done,File:Rue Doudart-de-Lagrée.jpg,Commons file GPS 30 m from the hood point; eye-checked; licence CC BY 4.0
6,Guadalajara,Mexico,Colonia Americana / Chapultepec,20.672333,-103.368725,File:Colônia Salto Grande em Americana.JPG,none,,candidate found but poor as a main photo (a reflection in a glass wall); no better verified photo
6,Guarujá,Brazil,Astúrias,-24.012087,-46.265094,File:Asturias (21766078554).jpg,done,File:Astúrias Guarujá2.jpg,Commons file GPS 1170 m from the hood point; eye-checked; licence CC BY-SA 4.0
6,Guarujá,Brazil,Pernambuco,-23.973823,-46.190759,File:A capitania de Paranambuca - Clemendt de Jonghe excudit - btv1b84919622.jpg,done,File:Praia de Pernambuco.jpg,Commons file GPS 1071 m from the hood point; eye-checked; licence CC BY-SA 4.0
6,Gustavia,Saint-Barthélemy,Flamands,17.917201,-62.858387,File:Plaque Rue Flamands - Argenteuil (FR95) - 2024-04-13 - 2.jpg,none,,"no verified photo (geosearch to 2 km + text search, eye-checked): nothing of Flamands itself; nearest files are Colombier bay and harbour shots over 550 m away"
6,Gustavia,Saint-Barthélemy,Grand Cul-de-Sac,17.910237,-62.803725,File:Ilet Carret - Grand Cul de Sac Marin.jpg,done,"File:La Tortue island offshore from Anse de Grand Cul-de-Sac on St. Barthelemy, French West Indies - panoramio.jpg",Commons file GPS 795 m from the hood point; eye-checked; licence CC BY 3.0
6,Gustavia,Saint-Barthélemy,Saint-Jean,17.899122,-62.837087,File:La Claie.jpg,done,"File:St Jean Beach, St Barths, Oct 2014 (15716806155).jpg",Commons file GPS 412 m from the hood point; eye-checked; licence CC BY-SA 2.0
6,Halifax,Canada,South End,44.634881,-63.578807,"File:""Bowfront houses"" in South End, Boston, Massachusetts LCCN2011632380.tif",done,File:George Wright House from front.jpg,Commons file GPS 270 m from the hood point; eye-checked; licence CC BY-SA 4.0
6,Hamadan,Iran,Abbas Abad / Ganjnameh,34.784208,48.470639,File:Darbe Baba Taher alley.jpg,done,File:الوند در تابستان از سمت دره گوساله.jpg,Commons file GPS 132 m from the hood point; eye-checked; licence CC BY-SA 4.0
6,Hamadan,Iran,Bu-Ali (Avicenna) District,34.791531,48.513132,File:Mazar Bu Ali.JPG,done,File:Abu Ali Sina.jpg,Commons file GPS 3 m from the hood point; eye-checked; licence CC BY-SA 4.0
6,Hamilton,Bermuda,City of Hamilton (Pembroke),32.292472,-64.783682,File:SgroJuly42018Coleman (cropped).jpg,done,"File:Hamilton, Bermuda - Front Street - panoramio.jpg",Commons file GPS 211 m from the hood point; eye-checked; licence CC BY-SA 3.0
6,Hamilton,Bermuda,Southampton & South Shore,32.251596,-64.821128,File:CMA CGM LEO approaches the Container Port at Southampton Docks - 1 - geograph.org.uk - 3466417.jpg,done,"File:Horseshoe Bay beach, Bermuda IMG 0343.jpg",Commons file GPS 122 m from the hood point; eye-checked; licence CC BY-SA 4.0
6,Harar,Ethiopia,Jugol (Walled Old City),9.311208,42.131933,"File:Jugol Kishore flat roofed temple at Aranghata in Nadia district, West Bengal. 08.jpg",done,File:Harar Gate (211539305).jpeg,Commons file GPS 1026 m from the hood point; eye-checked; licence CC BY 3.0
6,Harare,Zimbabwe,Avondale,-17.795945,31.033223,File:AvondaleMissouri.jpg,none,,"no verified photo (geosearch to 2 km + text search, eye-checked): only one market photo with no location data"
6,Harare,Zimbabwe,Borrowdale,-17.749125,31.094164,File:A Bucket of Raddle - geograph.org.uk - 3410999.jpg,none,,"no verified photo (geosearch to 2 km + text search, eye-checked): only dashcam frames over 1 km away"
6,Harare,Zimbabwe,CBD (Central Business District),-17.824902,31.04896,File:CBD Ciledug TransJakarta station.jpg,done,File:Denkmal zum Ersten Weltkrieg in Harare (28340432139).jpg,Commons file GPS 197 m from the hood point; eye-checked; licence CC BY-SA 2.0
6,Heidelberg,Germany,Altstadt,49.408902,8.704699,File:Bridge - Köln - panoramio.jpg,done,File:Blick auf Altstadt und Neuenheimer Ufer HD.JPG,Commons file GPS 181 m from the hood point; eye-checked; licence CC BY-SA 3.0
6,Hirosaki,Japan,Dobashi / Ekimae (Station Area),40.60097,140.481531,File:Iyo Railway Dobashi Station3.jpg,done,File:Cityscape in front of Hirosaki Station 202609.jpg,Commons file GPS 355 m from the hood point; eye-checked; licence CC BY-SA 4.0
6,Hiroshima,Japan,Nagarekawa,34.38985,132.463558,File:Nakagin-sideview-oct4-2015.jpg,done,"File:Nagarekawachō street at night, Hiroshima 2015-07-04.jpg",Commons file GPS 242 m from the hood point; eye-checked; licence CC BY 2.0
6,Hoi An,Vietnam,Cam Nam Island,15.873076,108.332865,File:Bình Ba Island.jpg,none,,"no verified photo (geosearch to 2 km + text search, eye-checked): nearby files are the old town across the river; a bridge shot cannot be placed"
6,Hoi An,Vietnam,New Town (Tan An),15.890789,108.31948,File:HK SKD 西貢 Sai Kung Town 海傍廣場 Hoi Pon Square shop Circle K Store April 2024 R12S 06.jpg,done,File:Phuoc Lam Pagoda 1.jpg,Commons file GPS 470 m from the hood point; eye-checked; licence CC BY-SA 4.0
6,Hualien City,Taiwan,Station District,23.993313,121.601246,File:DC Main Sewerage Pumping Station - North side.jpg,done,File:108年10月花蓮車站東站.jpg,Commons file GPS 95 m from the hood point; eye-checked; licence CC BY-SA 4.0
6,Huế,Vietnam,Vỹ Dạ,16.476701,107.612654,File:70583-Vy-lès-Filain-Hydro.jpeg,none,,"no verified photo (geosearch to 2 km + text search, eye-checked): only training-day group photos and hotel-room shots over 1.3 km away"
7,Ibadan,Nigeria,Ring Road,7.361191,3.867886,"File:L.A. Ring, Road in the Village of Baldersbrønde (Winter Day), 1912, NG6658, National Gallery.png",none,,candidate found but poor as a main photo (an empty road under grey sky); no better verified photo
7,Iquitos,Peru,Punchana,-3.726052,-73.24836,File:Dasyprocta fuliginosa 114445190.jpg,none,,candidate found but poor as a main photo (a port terminal sign); no better verified photo
7,Islamabad,Pakistan,F-6,33.729689,73.074599,File:Ulica Starołęcka w Poznaniu - kwiecień 2018.jpg,none,,"no verified photo (geosearch to 2 km + text search, eye-checked): only mist, sunsets, a rally and official meetings"
7,Jaipur,India,Bani Park,26.930559,75.793611,File:Hurdle time sir baniyas.jpg,done,"File:Front Facade View of Shahpura House, Shekhawati, Rajputana.jpg",Commons file GPS 623 m from the hood point; eye-checked; licence CC BY-SA 4.0
7,Jaipur,India,MI Road (Mirza Ismail Road),26.916284,75.815415,File:Tong Mi Road northbound.jpg,done,File:Jaipur Feb 2020 114.jpg,Commons file GPS 148 m from the hood point; eye-checked; licence CC BY-SA 4.0
7,Jamestown,Saint Helena,Alarm Forest,-15.944791,-5.704823,"File:Noisy miner, Pfingst Rd Chermside DSCF5061.jpg",none,,"no verified photo (geosearch to 2 km + text search, eye-checked): nearest place shots (St Matthew's, Hutt's Gate) are 2 km away; the rest are maps, medals and prints"
7,Jerez de la Frontera,Spain,Barrio de Santiago,36.687895,-6.143758,File:Charco Frio 1.jpg,done,"File:Cabecera de la Iglesia de Santiago, Jerez de la Frontera.jpg",Commons file GPS 41 m from the hood point; eye-checked; licence CC BY-SA 4.0
7,Jianshui,China,Lin'an Ancient Town,23.61175,102.82417,File:徽杭古道2.JPG,done,"File:2025-02-07 ""Liang Yi Suo Yao"" Paifang in Jianshui, Yunnan 雲南建水兩迤鎖鑰 02.jpg",Commons file GPS 369 m from the hood point; eye-checked; licence CC BY 4.0
7,Jingdezhen,China,Sanbao Village,29.25602,117.26277,"File:Concourse of Sanbao Station (6), 202509.jpg",none,,"no verified photo (geosearch to 2 km + text search, eye-checked): only one portrait 750 m away"
7,Juba,South Sudan,Juba Town,4.853857,31.582525,File:Lower Juba region camels caravan.jpg,none,,"no verified photo (geosearch to 2 km + text search, eye-checked): only AMISOM photos from Dhobley, Somalia (text match on the name)"
7,Juba,South Sudan,Munuki,4.859405,31.57134,File:Denis Dumo Scopas.jpg,none,,"no verified photo (geosearch to 2 km + text search, eye-checked): only a diagram and two portraits"
7,Kalamata,Greece,Historic Centre (Old Town),37.046006,22.116936,File:Pont Saint-Bénézet (61400).jpg,done,File:Υπαπαντή 2.jpg,Commons file GPS 240 m from the hood point; eye-checked; licence CC BY-SA 4.0
7,Kalamata,Greece,Marina,37.02384,22.10523,File:Faro Marina and Pedestrian area.jpg,none,,"no verified photo (geosearch to 2 km + text search, eye-checked): nearest files are the railway park 620 m inland, not the marina"
7,Kampala,Uganda,Muyenga,0.296898,32.615028,File:Emile Ntamack - 2012-09-24.jpg,none,,"no verified photo (geosearch to 2 km + text search, eye-checked): only distant city views from an unplaced viewpoint"
7,Karakol,Kyrgyzstan,Central Karakol,42.489121,78.39489,File:Каравайка в полёте.jpg,done,"File:2015-09-07-160825 - Karakol, Russisch-orthodoxe Dreifaltigkeitskirche.jpg",Commons file GPS 24 m from the hood point; eye-checked; licence CC BY-SA 4.0
7,Karakol,Kyrgyzstan,Dungan Mosque Quarter,42.497371,78.390688,"File:Minaret in the Muslim Quarter of Hami and Ruin of the Mosque Destroyed by Rebels in 1872. Hami, Xinjiang, China, 1875 WDL1929.png",done,File:2015-09-07-144724 - Karakol - Dunganen-Moschee.jpg,Commons file GPS 23 m from the hood point; eye-checked; licence CC BY-SA 4.0
7,Karbala,Iraq,Al-Abbasiyah (New Karbala),32.602715,44.019699,File:Le Caire. Sebil de la rue Abbassiyeh - btv1b53120182p (2 of 2).jpg,none,,"no verified photo (geosearch to 2 km + text search, eye-checked): nearest files are the shrine area 1.7 km away"
7,Karbala,Iraq,Bab Baghdad,32.620672,44.038435,"File:Talisman Gate, Sarre, Friedrich Paul Theodor, 1911.jpg",done,"File:Karbala 56001, Iraq - panoramio (16).jpg",Commons file GPS 415 m from the hood point; eye-checked; licence CC BY 3.0
7,Karimabad,Pakistan,Aliabad,36.308226,74.619547,File:(جونم برف(ماهيان - panoramio.jpg,done,File:Beautiful view of Hunza valley.jpg,Commons file GPS 128 m from the hood point; eye-checked; licence CC BY-SA 4.0
7,Karimabad,Pakistan,Karimabad Bazaar,36.325712,74.669209,File:Red Fort Meena Bazaar Buddha Artifact.jpg,done,"File:Karimabad Valley, Hunza.jpg",Commons file GPS 49 m from the hood point; eye-checked; licence CC BY-SA 4.0
7,Kashgar,China,East Lake (Donghu) Area,39.463282,76.001439,File:Wuhan - East Lake - Luoyan Scenic Area - P1530118.JPG,done,File:2015-09-10-111321 - Blick zur Altstadt vom Kashgar.jpg,Commons file GPS 490 m from the hood point; eye-checked; licence CC BY-SA 4.0
7,Kayseri,Türkiye,Cumhuriyet Meydanı (Old City),38.72153,35.487162,"File:Samsunspor 2023 üst lige yükselme kutlamaları, Meydan.jpg",done,File:Kayseri along city walls 2443.jpg,Commons file GPS 61 m from the hood point; eye-checked; licence CC BY-SA 4.0
7,Kerman,Iran,Azadi Square,30.287514,57.051886,File:AZADI SQ (1).jpg,none,,"no verified photo (geosearch to 2 km + text search, eye-checked): only cinemas, a group photo and tile close-ups over 900 m away"
7,Kerman,Iran,Jomhouri Boulevard,30.284282,57.039106,File:Fish statue - barrier of Jomhouri blv - Nishapur 14.JPG,none,,"no verified photo (geosearch to 2 km + text search, eye-checked): only two cinema interiors over 1.2 km away"
7,Kingstown,Saint Vincent and the Grenadines,Villa/Indian Bay,13.137391,-61.207062,File:Lindenfels Villa Luthmer - Christina.jpeg,done,File:St Vincent-Indian Bay 2090.jpg,Commons file GPS 284 m from the hood point; eye-checked; licence CC BY-SA 4.0
8,Kinshasa,Democratic Republic of the Congo,Gombe,-4.304798,15.305355,File:2 Pru gombe.jpg,done,File:Immeuble BCDC.jpg,Commons file GPS 528 m from the hood point; eye-checked; licence CC BY-SA 4.0
8,Klaipėda,Lithuania,Fishing Village,55.709664,21.133182,File:海岸瞭望台.jpg,none,,"no verified photo (geosearch to 2 km + text search, eye-checked): the hood point is on the Danė in the city centre, so nearby files are Old Town bridges; where the Fishing Village is needs checking (logged)"
8,Klaipėda,Lithuania,New Town,55.714541,21.135281,File:St Johns Anglican New Town.jpg,done,File:German style building in Klaipėda (54175695895).jpg,Commons file GPS 171 m from the hood point; eye-checked; licence CC BY-SA 2.0
8,Knysna,South Africa,Leisure Isle,-34.0675,23.059722,File:Solent and Wightline Cruises Jenny M 2.jpg,none,,"no verified photo (geosearch to 2 km + text search, eye-checked): only a car park on the island; the nearer views are of the Heads across the water"
8,Krabi,Thailand,Ao Nang,8.031092,98.821883,"File:144 หมู่ 7 Tambon Ao Nang, Amphoe Mueang Krabi, Chang Wat Krabi 81000, Thailand - panoramio (16).jpg",done,"File:Ao Nang, Mueang Krabi District, Krabi, Thailand - panoramio (76).jpg",Commons file GPS 104 m from the hood point; eye-checked; licence CC BY-SA 3.0
8,Kralendijk,Bonaire,Hato,12.175666,-68.287721,File:R-G Financial Headquarters.JPG,none,,"no verified photo (geosearch to 2 km + text search, eye-checked): only Klein Bonaire from the sea, wildlife and a warning sign"
8,Kuching,Malaysia,Satok,1.553229,110.33413,File:06460jfCarmay East West Flowers Rizal Rosales Pangasinan Bridge Roadfvf 03.JPG,done,File:Masjid Bandaraya Kuching.jpg,Commons file GPS 934 m from the hood point; eye-checked; licence CC BY-SA 4.0
8,Kuching,Malaysia,Simpang Tiga,1.536224,110.356363,File:Gombak Selangor Malaysia Sungai-Gombak-02.jpg,done,File:Building A of Swinburne University of Technology Sarawak Campus.jpg,Commons file GPS 477 m from the hood point; eye-checked; licence CC BY-SA 4.0
8,Kusatsu,Japan,Sai-no-Kawara,36.62406,138.590365,File:Small statues at a shrine (52281770524).jpg,done,File:251129 Sainokawara Park 17.jpg,Commons file GPS 14 m from the hood point; eye-checked; licence CC0
8,La Serena,Chile,La Pampa,-29.930949,-71.266351,File:La pampa.png,none,,"no verified photo (geosearch to 2 km + text search, eye-checked): nearest files are over 1.1 km away on the beachfront, not La Pampa"
8,Labuan Bajo,Indonesia,Town Centre & Waterfront,-8.49246,119.87731,File:A view of Chatham Waterfront - Medway.jpg,done,File:Labuan Bajo (17119048971).jpg,Commons file GPS 157 m from the hood point; eye-checked; licence CC BY 2.0
8,Lalibela,Ethiopia,Northern Group of Churches,12.033651,39.043803,File:MarsHillChurch2012-04-29.jpg,done,File:Bete Maryam 05.jpg,Commons file GPS 43 m from the hood point; eye-checked; licence CC BY-SA 3.0
8,Lamu,Kenya,Shela,-2.293101,40.913867,File:Monument aux morts de Chelle-Spou (Hautes-Pyrénées) 1.jpg,done,File:Shela buildings.jpg,Commons file GPS 193 m from the hood point; eye-checked; licence CC BY-SA 4.0
8,Le Gosier,Guadeloupe,Bas-du-Fort,16.215769,-61.520903,File:Château du Bas Braine(1).JPG,done,File:Grande Baie vue de Fort Fleur d'épée.jpg,Commons file GPS 880 m from the hood point; eye-checked; licence CC BY-SA 4.0
8,Le Gosier,Guadeloupe,Montauban,16.215694,-61.503133,File:(Montauban) La 'rue de l'Hôtel de ville' vue du 'Musée Ingres-Bourdelle'.jpg,none,,"no verified photo (geosearch to 2 km + text search, eye-checked): only a stadium at night, a casino and lizards; the fort views are Bas-du-Fort"
8,Legaspi,Philippines,Old Albay District,13.138424,123.733611,File:FvfIPCenter0160 37.JPG,done,"File:Albay Cathedral, Legazpi, Albay, Dec 2025 (1).jpg",Commons file GPS 16 m from the hood point; eye-checked; licence CC BY-SA 4.0
8,Leticia,Colombia,Town Center / Santander Park,-4.212635,-69.942997,File:Town Center at Aurora.JPG,done,"File:Leticia, Colombia (7578553220).jpg",Commons file GPS 452 m from the hood point; eye-checked; licence CC BY-SA 2.0
8,León,Nicaragua,Barrio San Felipe,12.444535,-86.880991,File:Callejeando por Alcalá de Henares (26454745136).jpg,done,"File:Iglesia de San Felipe, León Nicaragua.jpg",Commons file GPS 281 m from the hood point; eye-checked; licence CC0
8,Liberia,Costa Rica,Centro (Calle Real / Parque Central),10.629674,-85.438252,File:J28 728 Calle real.jpg,done,"File:Iglesia Inmaculada Concepcion de Maria, Liberia, Costa Rica.JPG",Commons file GPS 45 m from the hood point; eye-checked; licence CC BY-SA 3.0
8,Libreville,Gabon,Akébé,0.395277,9.470046,File:Musée des civilisations de l'Europe et de la Méditerranée - Pharaoh Superstars exhibition 01.jpg,none,,"no verified photo (geosearch to 2 km + text search, eye-checked): only market produce and a portrait"
8,Libreville,Gabon,Quartier Louis,0.41391,9.436712,File:Jardin des Senteurs ou Récollets.jpg,none,,"no verified photo (geosearch to 2 km + text search, eye-checked): only rubbish, a school and a hotel over 1 km away"
8,Lilongwe,Malawi,Area 10 / Presidential Way,-13.960285,33.806061,File:Sheung Shui Heung Sitting-out Area No. 10 2025.jpg,none,,"no verified photo (geosearch to 2 km + text search, eye-checked): nothing within 1.2 km"
8,Livingstone,Zambia,Maramba,-17.847704,25.868442,File:Daniel Maramba 1870-1941 NHCP Historical Marker.jpg,none,,"no verified photo (geosearch to 2 km + text search, eye-checked): nearest files are town-centre streets 1 km away, not Maramba"
8,Livingstone,Zambia,Town Centre,-17.848293,25.855108,"File:Street scene and buildings in Chatham, Kent.jpg",done,"File:Mosi-oa-Tunya Road, Livingstone (20260520-P1086458).jpg",Commons file GPS 146 m from the hood point; eye-checked; licence CC BY-SA 4.0
8,Lomé,Togo,Bè,6.157632,1.267046,File:ניו פארם 1.jpg,done,File:Marché d'Akodésséwa à Lomé (Togo) 06.jpg,Commons file GPS 525 m from the hood point; eye-checked; licence CC BY-SA 4.0
9,Longyearbyen,Norway (Svalbard),Sentrum (Town Centre),78.21801,15.63905,File:Stolperstein in Oslo-Sentrum (Oslo-Sentrum).jpg,done,File:Longyear-Town-Centre.jpg,Commons file GPS 293 m from the hood point; eye-checked; licence CC BY-SA 3.0
9,Luanda,Angola,Alvalade,-8.829772,13.23605,File:Alvalade railway stop.jpg,none,,"no verified photo (geosearch to 2 km + text search, eye-checked): only a bank tower 800 m away and dashcam frames"
9,Luanda,Angola,Miramar,-8.809749,13.249755,File:Winn Dixie Miramar Florida with scale by front door.jpg,none,,"no verified photo (geosearch to 2 km + text search, eye-checked): nearest place shot is the Bungo station 800 m away in the Baixa; the rest are dashcam frames"
9,Lugano,Switzerland,Besso,46.005142,8.941766,File:Besso (3).jpg,none,,"no verified photo (geosearch to 2 km + text search, eye-checked): only interior shots of the Swiss National Sound Archives"
9,Lusaka,Zambia,Longacres,-15.408454,28.31551,"File:Gazebo viewed from above, showing rooftop, interior and circulation of walkways. Camera pointed NW from North Grandstand. (May 1993) - Longacres, North Grandstand, 1621 HABS WASH,17-RENT,1F-5.tif",none,,"no verified photo (geosearch to 2 km + text search, eye-checked): only a plain school gate, food and a dance event"
9,Luxor,Egypt,Al-Gezira (West Bank),25.70507,32.632835,File:كوب شاي على نيران النزوح جنوب الجزيرة.jpg,done,File:Luxor West Bank R06.jpg,Commons file GPS 79 m from the hood point; eye-checked; licence CC BY-SA 4.0
9,Magelang,Indonesia,Magelang Selatan,-7.491415,110.222321,File:Light the milky way.jpg,none,,"no verified photo (geosearch to 2 km + text search, eye-checked): only portraits, a hotel 1.3 km away and a Borobudur file with wrong GPS"
9,Majuro,Marshall Islands,Delap,7.088795,171.382812,File:F20250713AH-3815 President Donald Trump and First Lady Melania Trump attend the FIFA Club World Cup Final soccer match.jpg,none,,"no verified photo (geosearch to 2 km + text search, eye-checked): only Coast Guard event photos"
9,Makassar,Indonesia,Tanjung Bunga,-5.158853,119.394075,File:Thai sweets shop - 2011-03-18 - 001.jpg,none,,"no verified photo (geosearch to 2 km + text search, eye-checked): only sunsets, classrooms and a house over 1.3 km away"
9,Malabo,Equatorial Guinea,Caracolas,3.74881,8.771524,File:Caracola (1994).101 - A Coruña.jpg,none,,"no verified photo (geosearch to 2 km + text search, eye-checked): only a cultural centre door and a lecture"
9,Malindi,Kenya,Silversands Beach,-3.232763,40.12796,"File:Beach at Silversands Bay, Aberdour - geograph.org.uk - 6016541.jpg",done,File:Malindi Sea.jpg,Commons file GPS 316 m from the hood point; eye-checked; licence CC0
9,Manado,Indonesia,Malalayang,1.459475,124.822159,File:Map of Official and Co-Official Languages of the Philippines (en).png,done,File:Universitas Sam Ratulangi Manado.jpg,Commons file GPS 678 m from the hood point; eye-checked; licence CC0
9,Managua,Nicaragua,Bolonia,12.13984,-86.280606,"File:Playa de Bolonia , Tarifa (17860).jpg",none,,"no verified photo (geosearch to 2 km + text search, eye-checked): no Commons files near the hood point"
9,Manama,Bahrain,Adliya,26.214488,50.584754,File:Adliya vazirligi binosi.jpg,none,,"no verified photo (geosearch to 2 km + text search, eye-checked): only cars, portraits and documents over 1.5 km away"
9,Manama,Bahrain,Seef,26.24192,50.53823,File:Al Seef Terminal.jpg,none,,candidate found but poor as a main photo (a scanned print with a black frame); no better verified photo
9,Manzanillo,Mexico,Las Brisas,19.069553,-104.301378,File:ACAPULCO LAS BRISAS.jpg,done,File:Una tarde solitaria - panoramio.jpg,Commons file GPS 367 m from the hood point; eye-checked; licence CC BY-SA 3.0
9,Manzanillo,Mexico,Peninsula de Santiago (Las Hadas),19.100722,-104.347916,File:Castillodearaya1.jpg,done,"File:Morning view of Manzanillo's Beach in Colima, México..JPG",Commons file GPS 103 m from the hood point; eye-checked; licence CC BY-SA 4.0
9,Mardin,Türkiye,Yeni Mardin (New Mardin),37.322767,40.723334,File:Diyarbakır Outside walls East side 2633 in 2005.jpg,done,File:Mardin TÜRKİYE - panoramio.jpg,Commons file GPS 255 m from the hood point; eye-checked; licence CC BY 3.0
9,Mariehamn,Finland (Åland),Centrum (City Centre),60.098,19.943041,"File:Sośnicowice - Kieferstädtel, Delikatesy Centrum.jpg",done,File:Mariehamn 2021-08-02 image08.jpg,Commons file GPS 259 m from the hood point; eye-checked; licence CC BY-SA 4.0
9,Maseru,Lesotho,Hillsview,-29.326057,27.479864,File:Controls at David Dunlap Observatory.jpg,none,,"no verified photo (geosearch to 2 km + text search, eye-checked): nearest files are 1.8 km away in open country"
9,Mataram,Indonesia,Mataram (City Center),-8.583773,116.10685,"File:Esquisse d 'un partie du terrain de Mataram, indiquant les mouvements rapides qui fit Diepo Negoro, KITLV 47B11.tiff",done,"File:Islamic Center Mataram, Lombok.jpg",Commons file GPS 812 m from the hood point; eye-checked; licence CC BY 4.0
9,Matsumoto,Japan,Fukashi (Matsumoto Station area),36.230761,137.96442,File:The hidden fires of the Flame Nebula.jpg,done,File:松本駅 - panoramio (15).jpg,Commons file GPS 29 m from the hood point; eye-checked; licence CC BY 3.0
9,Mazatlán,Mexico,Cerritos,23.304895,-106.485556,File:HUNTINGTON SOLANO-REEVE Rancho Los Cerritos circa 1870 official survey plat by Henry Hancock.jpg,none,,candidate found but poor as a main photo (grey rocks under a grey sky); no better verified photo
9,Medan,Indonesia,Merdeka / Sudirman,3.57311,98.657308,"File:23.10.2025 - Celebração do aniversário do Presidente da República, Luiz Inácio Lula da Silva e do Presidente da República da Indonésia, Prabowo Subianto (54874775946).jpg",none,,"no verified photo (geosearch to 2 km + text search, eye-checked): nearest files are the university campus, not Merdeka / Sudirman"
9,Mendoza,Argentina,Quinta Sección,-32.885408,-68.857586,"File:Basílica de Nuestra Señora de la Candelaria, Candelaria, Tenerife, España, 2012-12-12, DD 06.jpg",done,"File:Mendoza, Capital Department, Mendoza Province, Argentina - panoramio (21).jpg",Commons file GPS 364 m from the hood point; eye-checked; licence CC BY 3.0
10,Monastir,Tunisia,City Centre & Corniche,35.777825,10.828382,File:Muttrah-Muscat مطرح، مسقط 29 (مرغ دریایی).jpg,done,File:Bourguiba Mausoleum - april 2012 - 2.JPG,Commons file GPS 71 m from the hood point; eye-checked; licence CC0
10,Monrovia,Liberia,Congo Town,6.268733,-10.732166,File:Dried fish - Oyo - Congo.JPG,done,"File:Monrovia, Liberia - panoramio (42).jpg",Commons file GPS 317 m from the hood point; eye-checked; licence CC BY 3.0
10,Mont-Saint-Michel,France,Mainland Visitor Village,48.61317,-1.509685,"File:Oak Island, Brunswick County, North Carolina, United States (2024-05-18-02-25-59 UMBRA-05).tiff",none,,candidate found but poor as a main photo (an empty road in the 3:4 crop); no better verified photo
10,Montego Bay,Jamaica,Ironshore,18.507403,-77.896636,File:West Bay sand from Conocarpus on Ironshore 1979 (27093331579).jpg,none,,"no verified photo (geosearch to 2 km + text search, eye-checked): only aerial survey imagery after Hurricane Melissa"
10,Monterrey,Mexico,Valle Oriente,25.658768,-100.347684,File:Virgen del Valle from Margarita island.jpg,done,"File:Valle Oriente, San Pedro Garza García - panoramio.jpg",Commons file GPS 694 m from the hood point; eye-checked; licence CC BY-SA 3.0
10,Morelia,Mexico,Chapultepec Norte,19.695894,-101.174477,"File:Escultura de ""la Diana Cazadora"".jpg",none,,"no verified photo (geosearch to 2 km + text search, eye-checked): only a theatre performance indoors"
10,Morelia,Mexico,Las Américas (Camelinas),19.690781,-101.156159,File:Unidades Busscar en Las Américas L2.jpg,none,,"no verified photo (geosearch to 2 km + text search, eye-checked): only cars, plants and insects"
10,Morondava,Madagascar,Nosy Kely,-20.299387,44.268036,"File:L'Île Coco in Saint Brandon, one of the Thirteen Islands of Raphael Fishing Company.jpg",done,File:Vue de Morondava janvier 2023 2.jpg,Commons file GPS 542 m from the hood point; eye-checked; licence CC BY-SA 4.0
10,Moshi,Tanzania,Shanty Town,-3.328994,37.320807,File:Callejón de un solo caño.jpg,none,,"no verified photo (geosearch to 2 km + text search, eye-checked): only a road, a clinic and a library over 1.7 km away"
10,Mostar,Bosnia and Herzegovina,Cernica,43.343318,17.809107,File:Notocochlis sagittata hancockae MA71330-a.jpg,done,File:Mostar (49032844696).jpg,Commons file GPS 52 m from the hood point; eye-checked; licence CC BY 2.0
10,Murree,Pakistan,Mall Road,33.905205,73.392116,File:Bharat Sanchar Nigam Limited - Office Building - Kali Bari Road and Mall Road - Shimla 2014-05-07 1330-1331.TIF,none,,candidate found but poor as a main photo (a roadside bank of bushes in the 3:4 crop); no better verified photo
10,Mytilene,Greece,Sourada / Akrotiri,39.090731,26.561221,File:Fedora 19 default wallpaper.jpg,done,File:Fotiadis Tower - Mavroudis Kostas - 2181437040.jpg,Commons file GPS 167 m from the hood point; eye-checked; licence CC BY-SA 2.0
10,Mytilene,Greece,Town Centre & Harbour,39.103936,26.554517,"File:Eats Street, Harbour Town Shopping Centre, 2025.jpg",done,File:Ναός Αγίου Θεράποντα Μυτιλήνης (1).jpg,Commons file GPS 134 m from the hood point; eye-checked; licence CC BY-SA 4.0
10,Mytilene,Greece,Varia (Vareia),39.080983,26.578229,File:Cages d'élevage de juvéniles de pétoncles noirs (Ifremer 00735-84701 - 40414).jpg,none,,"no verified photo (geosearch to 2 km + text search, eye-checked): only plant, animal and doorknocker close-ups"
10,Mérida,Mexico,Santiago,20.970359,-89.630006,"File:Casa del Ángel del Sol - Jardín de Colibríes, un santuario ecológico ubicado en el sector Monterrey, El Valle, estado Mérida, Venezuela..jpg",done,"File:Iglesia de Santiago Apóstol, Mérida, Yucatán (02).jpg",Commons file GPS 66 m from the hood point; eye-checked; licence CC0
10,Nablus,Palestine,Al-Manara/Downtown,32.221146,35.260772,"File:Al-Manara Square, Ramallah 03.jpg",done,File:Manara Clock Tower in Nablus 020 - Aug 2011.jpg,Commons file GPS 253 m from the hood point; eye-checked; licence CC BY 3.0
10,Nablus,Palestine,Ras al-Ein,32.216648,35.259261,File:The Al-Rahma Mosque in Ras El-Bar.jpg,done,File:جمال وعراقة حارات مدينة نابلس.jpg,Commons file GPS 230 m from the hood point; eye-checked; licence CC BY-SA 4.0
10,Nagano,Japan,Nagano Station Area,36.643124,138.188644,File:Alpico Kamikochi line Hata station ticket vending machine.jpg,done,File:Shinano Railway-JR East Nagano Station (32606945317).jpg,Commons file GPS 35 m from the hood point; eye-checked; licence CC BY-SA 2.0
10,Nairobi,Kenya,Kilimani,-1.289279,36.786931,"File:Admiralty Chart No 2935 Quelimane to Ilha Epidendron, Published 1962.jpg",done,File:Kilimani.jpg,Commons file GPS 405 m from the hood point; eye-checked; licence CC BY 4.0
10,Nakhon Ratchasima,Thailand,Mittraphap Road,14.982495,102.089955,"File:Friendship Highway, Tibet- DSC03222.jpg",none,,"no verified photo (geosearch to 2 km + text search, eye-checked): only shopping-mall interiors and a show stage"
10,Nakuru,Kenya,Free Area,-0.29612,36.123306,File:Space Shuttle Columbia launching.jpg,none,,"no verified photo (geosearch to 2 km + text search, eye-checked): nothing placeable; nearest is the national park gate 1.9 km away"
10,Nakuru,Kenya,Milimani,-0.2935,36.0645,File:Andropadus milanjensis.JPG,none,,"no verified photo (geosearch to 2 km + text search, eye-checked): only a generator and national-park wildlife"
10,Nassau,Bahamas,Downtown Nassau (Bay Street),25.077933,-77.340441,File:Aerial photo of WTC groundzero.jpg,done,File:Downtown Nassau - panoramio (4).jpg,Commons file GPS 69 m from the hood point; eye-checked; licence CC BY 3.0
10,Nelspruit,South Africa,West Acres,-25.479542,30.95027,File:All Saints Church Notice Board - geograph.org.uk - 5547083.jpg,none,,"no verified photo (geosearch to 2 km + text search, eye-checked): only one stadium crowd shot 1.7 km away"
10,Nha Trang,Vietnam,Cho Dam (Old Market),12.254951,109.191816,File:Artificial Lotus - Vietnam - Hoa sen gia - chat lieu bang cao su.jpg,done,File:Dam Market Nha Trang 1.jpg,Commons file GPS 50 m from the hood point; eye-checked; licence CC BY-SA 4.0
11,Nouakchott,Mauritania,Ksar,18.105437,-15.9553,File:Heddada 8372.jpg,none,,"no verified photo (geosearch to 2 km + text search, eye-checked): no usable files near the hood point"
11,Nouméa,New Caledonia,Quartier Latin,-22.276568,166.445463,File:Clocher de l’Église Saint-Jacques (Montréal).jpg,none,,"no verified photo (geosearch to 2 km + text search, eye-checked): only a church interior, flowers, portraits and the Asian quarter 650 m away"
11,Nuremberg,Germany,Südstadt,49.43645,11.091563,File:1918-1939 circa Open GeoData Plan der Hauptstadt Hannover 1 zu 1000 (Historisch) Kachel So 402a.jpg,done,File:Hummelsteiner Schloss im Hummelsteiner Park 11.JPG,Commons file GPS 370 m from the hood point; eye-checked; licence CC BY-SA 4.0
11,Oaxaca,Mexico,Reforma,17.075849,-96.714616,"File:Paseo de la Reforma Torre Reforma, Chapultepec Uno and Torre Mayor.jpg",none,,"no verified photo (geosearch to 2 km + text search, eye-checked): only food, a butterfly and Llano park statues about 1 km away"
11,Oaxaca,Mexico,Xochimilco,17.072621,-96.724275,File:Dia de Muertos en Xochimilco.jpg,done,File:Templo Santo Tomas Xochimilco Oaxaca.JPG,Commons file GPS 705 m from the hood point; eye-checked; licence CC BY-SA 3.0
11,Odense,Denmark,H.C. Andersen Quarter,55.398748,10.390736,File:Carl Nielsen c. 1908.jpg,done,"File:Ramsherred, Odense 2024 N 2.jpg",Commons file GPS 10 m from the hood point; eye-checked; licence CC BY 4.0
11,Ohrid,North Macedonia,Centar,41.111404,20.806118,File:Биста на Мустафа Кемал Ататурк во Центар Жупа.jpg,done,"File:Ohrid, ulice Partizanska.jpg",Commons file GPS 93 m from the hood point; eye-checked; licence CC BY-SA 4.0
11,Ohrid,North Macedonia,Sveti Stefan / Lagadin,41.047784,20.802766,File:Budva - Sveti Stefan 2.jpg,done,"File:Lagadin, pobřeží.jpg",Commons file GPS 282 m from the hood point; eye-checked; licence CC BY-SA 4.0
11,Oran,Algeria,Es Seddikia,35.711515,-0.603108,File:TessalaIMO9761243MarmaraEreğlisi (3).jpg,none,,"no verified photo (geosearch to 2 km + text search, eye-checked): only city views from 400 m away and a single tower block"
11,Oran,Algeria,Miramar,35.704626,-0.632692,File:Miramar - Mediterranean Revival building.jpg,none,,"no verified photo (geosearch to 2 km + text search, eye-checked): only exhibition and workshop photos indoors"
11,Osogbo,Nigeria,Oja Oba,7.765764,4.554226,"File:Oja Oba Oluwatedo, Oru Ijebu.jpg",none,,"no verified photo (geosearch to 2 km + text search, eye-checked): only festival crowds and portraits"
11,Otaru,Japan,Otaru Station Area,43.197698,140.993691,File:Toyohirakoensta-form.jpg,done,"File:Otaru Station, Otaru, Hokkaido on July 19th, 2018.jpg",Commons file GPS 44 m from the hood point; eye-checked; licence CC BY-SA 3.0
11,Ouarzazate,Morocco,Sidi Daoud,30.922313,-6.893414,File:Tunisie station sidi daoud 1.jpg,done,File:..سوق المصنوعات التقليدية بورزازات souk artisanal.jpg,Commons file GPS 269 m from the hood point; eye-checked; licence CC BY-SA 4.0
11,Ouarzazate,Morocco,Taourirt,30.919546,-6.898444,File:Ayoub Dr Lamdint Ouarzazate.jpg,done,File:Kasba of Taourirt.jpg,Commons file GPS 72 m from the hood point; eye-checked; licence CC BY-SA 4.0
11,Padang,Indonesia,Kota Tua Padang (Old Town),-0.963531,100.361819,File:Masjid Assalam di Tuapejat 20230807.jpg,done,File:Gedung Himpunan Tjinta Teman 2024 - Denas.jpg,Commons file GPS 114 m from the hood point; eye-checked; licence CC BY-SA 4.0
11,Pemba,Mozambique,Cariacó,-12.962844,40.517224,"File:Admiralty Chart No 230 Isla de Margarita and Golfo de Cariaco, Published 1952.jpg",none,,"no verified photo (geosearch to 2 km + text search, eye-checked): only fruit, people and a monument over 1 km away"
11,Perugia,Italy,Borgo Sant'Angelo,43.114492,12.389603,File:14 498 Passetto di Borgo.jpg,done,File:Ex chiesa di Sant'Angelo (Tempietto).jpg,Commons file GPS 102 m from the hood point; eye-checked; licence CC BY-SA 3.0
11,Petrópolis,Brazil,Corrêas,-22.455586,-43.111713,File:Correa reflexa x alba 01.jpg,done,File:Pedra do Cone e Igrejinha do Bomfim - panoramio.jpg,Commons file GPS 1470 m from the hood point; eye-checked; licence CC BY-SA 3.0
11,Petrópolis,Brazil,Nogueira/Cascatinha,-22.422239,-43.130884,"File:Vice Pres. Marshall & group, 1-31-20 LCCN2016827411.jpg",none,,"no verified photo (geosearch to 2 km + text search, eye-checked): only birds, insects and sky"
11,Phnom Penh,Cambodia,Toul Tom Poung (Russian Market),11.540775,104.914743,File:Crabs (6735121945).jpg,done,File:PhsarTuolTompong PhnomPenh 2005 2.JPG,Commons file GPS 32 m from the hood point; eye-checked; licence CC BY-SA 3.0
11,Phu Quoc,Vietnam,An Thoi (South),10.030457,104.013979,File:Johora (10.3897-zookeys.994.56810) Figure 9.jpg,done,File:DJI 20260214173618 0031 D SUNSHINE.jpg,Commons file GPS 696 m from the hood point; eye-checked; licence CC BY-SA 4.0
11,Pisa,Italy,San Francesco (Piazza dei Cavalieri),43.719432,10.400028,File:Alberschwende-Franz from Assisi memorial-02ASD.jpg,done,File:Pisa - 2016 July - panoramio (24).jpg,Commons file GPS 28 m from the hood point; eye-checked; licence CC BY 3.0
11,Playa del Carmen,Mexico,Zazil-Ha (Coco Beach),20.636686,-87.061189,File:Fosa en Colonia Dignidad.JPG,done,File:Zicht vanaf coco bay - panoramio.jpg,Commons file GPS 196 m from the hood point; eye-checked; licence CC BY-SA 3.0
11,Plovdiv,Bulgaria,Kapana,42.149488,24.749169,File:Cardos en Tiahuanacu .jpg,done,File:Kapana.jpg,Commons file GPS 5 m from the hood point; eye-checked; licence CC BY-SA 4.0
11,Pokhara,Nepal,Damside (Pardi),28.197177,83.970127,File:Machhapuchre.jpg,done,"File:Damside, Pokhara.jpg",Commons file GPS 122 m from the hood point; eye-checked; licence CC BY-SA 4.0
12,Poprad,Slovakia,Veľká,49.067142,20.28013,File:Nagypaka-Kispaka világháborús emlékmű 1.jpg,done,File:Square of Velka 6.jpg,Commons file GPS 204 m from the hood point; eye-checked; licence CC BY-SA 3.0
12,Port Elizabeth,South Africa,Richmond Hill,-33.959251,25.61105,"File:Duchess of Teck Memorial Fountain, Richmond Gate.jpg",done,File:The Hill Presbyterian Church.jpg,Commons file GPS 762 m from the hood point; eye-checked; licence CC BY-SA 4.0
12,Port Elizabeth,South Africa,Walmer,-33.977954,25.586368,"File:11, The Beach - geograph.org.uk - 6790320.jpg",none,,"no verified photo (geosearch to 2 km + text search, eye-checked): only a band photo and an undated farm print"
12,Port Moresby,Papua New Guinea,Boroko/Gordons,-9.44768,147.194371,File:Ambassadeur Agalawal 01.jpg,none,,"no verified photo (geosearch to 2 km + text search, eye-checked): only 360-degree street-level frames"
12,Port Vila,Vanuatu,Port Vila Town Centre (Downtown),-17.740278,168.314167,"File:Admiralty Chart No 2494 Ayr to Ardrossan, Published 1941.jpg",done,File:Port Vila - View on Vila Bay - panoramio (1).jpg,Commons file GPS 79 m from the hood point; eye-checked; licence CC BY 3.0
12,Port of Spain,Trinidad and Tobago,St. Ann's,10.682563,-61.504881,"File:24 St Ann's Terrace, St John’s Wood, October 2023.jpg",none,,"no verified photo (geosearch to 2 km + text search, eye-checked): nearest place shots are about 1.9 km away (Queen's Park West); the rest are coastal views with wrong GPS"
12,Port of Spain,Trinidad and Tobago,Woodbrook,10.662041,-61.523836,File:Woodbrook Delaware.jpg,done,File:TnT PoS M7-7 Stollmeyer's Castle.jpg,Commons file GPS 1246 m from the hood point; eye-checked; licence CC BY-SA 4.0
12,Positano,Italy,Fornillo,40.626354,14.482248,File:Fornillos de Fermoselle 02.jpg,done,File:Positano - Fornillo Beach.jpg,Commons file GPS 116 m from the hood point; eye-checked; licence CC BY-SA 4.0
12,Potosí,Bolivia,Centro Histórico,-19.589244,-65.753501,File:01. Carretera Toluca - San Luis 07.jpg,done,File:Bolivia - Potosí - Plaza 10 de Noviembre e la cattedrale.jpg,Commons file GPS 12 m from the hood point; eye-checked; licence CC BY 4.0
12,Potosí,Bolivia,La Cancha / Mercado Central,-19.587323,-65.755099,File:Cancha serrana tostada.JPG,done,File:Calle de Potosí.jpg,Commons file GPS 329 m from the hood point; eye-checked; licence CC BY-SA 4.0
12,Potosí,Bolivia,San Pedro,-19.594898,-65.752777,File:Erklärung-Urkunde.jpg,done,File:Calle principal de Potosí.jpg,Commons file GPS 496 m from the hood point; eye-checked; licence CC BY-SA 4.0
12,Pucón,Chile,La Poza,-39.276728,-71.979764,File:2014-04-13 Norte de Burgos 026 - Poza de la Sal (15878124675).jpg,done,"File:Pucón, Villarrica 02.jpg",Commons file GPS 54 m from the hood point; eye-checked; licence CC BY-SA 4.0
12,Puerto Madryn,Argentina,Downtown,-42.767341,-65.036594,File:Downtown Beaufort SC 1972.png,done,File:Techos de Madryn - panoramio.jpg,Commons file GPS 377 m from the hood point; eye-checked; licence CC BY 3.0
12,Puerto Madryn,Argentina,Rambla (Waterfront),-42.777512,-65.022305,File:La Rambla (Sabadell)1348852698089.jpg,none,,candidate found but poor as a main photo (only sea and sky in the 3:4 crop); no better verified photo
12,Puerto Princesa,Philippines,Bancao-Bancao,9.735543,118.763526,File:Bancão (11968466184).jpg,none,,"no verified photo (geosearch to 2 km + text search, eye-checked): only airport, wildlife and sunset shots"
12,Puerto Princesa,Philippines,City Proper (Rizal Avenue),9.740387,118.73019,"File:483Barangay Northside, Makati City 06.jpg",done,File:The Immaculate Conception Cathedral - panoramio.jpg,Commons file GPS 44 m from the hood point; eye-checked; licence CC BY-SA 3.0
12,Puerto Princesa,Philippines,San Manuel,9.770567,118.763526,File:SanManuelPangasinanjf631.JPG,none,,"no verified photo (geosearch to 2 km + text search, eye-checked): only a restaurant interior and Navy drill photos"
12,Pula,Croatia,Vidikovac,44.852126,13.846427,File:Vidikovac Sremski Karlovci 8295 01.jpg,done,File:Fort Casoni Vecci.jpg,Commons file GPS 121 m from the hood point; eye-checked; licence CC BY-SA 4.0
12,Punta Arenas,Chile,Barrio Croata,-53.157621,-70.901908,File:Baum Veli Losinj.JPG,done,"File:Santuario Maria Auxiliadora, Punta Arenas.jpg",Commons file GPS 233 m from the hood point; eye-checked; licence CC BY-SA 4.0
12,Pyongyang,North Korea,Central District (Chung-guyok),39.019699,125.75339,File:Cromwell Gorge (1).jpg,done,File:Korean Central History Museum 01.jpg,Commons file GPS 55 m from the hood point; eye-checked; licence CC BY 2.0
12,Qinhuangdao,China,Haigang District,39.9345,119.61063,File:冰瀑（他人作品 致歉） - panoramio.jpg,none,,"no verified photo (geosearch to 2 km + text search, eye-checked): nearest files are 770 m+ away and do not show the district centre"
12,Quanzhou,China,Zhongshan Road,24.908472,118.585422,File:20240730 106 Zhongshan Road.jpg,done,File:20230130 Quanzhou Fu Confucian Temple 02.jpg,Commons file GPS 81 m from the hood point; eye-checked; licence CC BY-SA 4.0
12,Roseau,Dominica,Roseau City Centre,15.296679,-61.387235,"File:ASC Leiden - van Achterberg Collection - 05 - 53 - Un camp touareg juste à l'extérieur de la ville - Tombouctou, Mali - Novembre-décembre 1993.jpg",done,File:King George V St in Roseau (1).jpg,Commons file GPS 31 m from the hood point; eye-checked; licence CC BY 4.0
12,Sa Pa,Vietnam,Sa Pa Town Center,22.338098,103.8459,"File:EXAMPLE OF STONE END WITH SLIT VENTILATORS - Barn, County Road, Strasburg, Lancaster County, PA HABS PA,36-STRAS.V,1A-1.tif",done,File:Sa Pa city center.jpg,Commons file GPS 203 m from the hood point; eye-checked; licence CC BY-SA 4.0
12,Saint Martin's Island,Bangladesh,Main Village (Jetty Area),20.623702,92.323395,File:Percy Main (geograph 2421107).jpg,done,File:Waterman on the Beach.jpg,Commons file GPS 114 m from the hood point; eye-checked; licence CC BY-SA 4.0
13,Saint Martin's Island,Bangladesh,West Beach,20.632546,92.317201,"File:East platform, West Palm Beach station.jpg",done,File:A song of two blues and a gray.jpg,Commons file GPS 504 m from the hood point; eye-checked; licence CC BY-SA 4.0
13,Saint-Denis,Réunion,Sainte-Clotilde,-20.895537,55.495531,File:Boîte Lettres Poste A2C2G4 Avenue Sainte Clotilde - Gagny (FR93) - 2021-04-10 - 1.jpg,done,File:Domaine du Chaudron.JPG,Commons file GPS 693 m from the hood point; eye-checked; licence CC BY-SA 3.0
13,Saint-Tropez,France,Vieux Port (Old Port),43.272629,6.638883,File:Seine Balise R01.jpg,done,File:Port (Saint-Tropez) (03).jpg,Commons file GPS 8 m from the hood point; eye-checked; licence CC BY-SA 4.0
13,Saipan,Northern Mariana Islands,San Antonio,15.133694,145.695695,File:Minnesota Soldiers and Sailors Monument.tif,none,,"no verified photo (geosearch to 2 km + text search, eye-checked): only an insect, a portrait and a cloudy road 1.3 km away"
13,Salalah,Oman,Al Wadi,17.012784,54.067782,File:Petroglyphs in Wadi Ejili.jpg,none,,"no verified photo (geosearch to 2 km + text search, eye-checked): only dashcam frames"
13,Salalah,Oman,Salalah Central,17.018454,54.099322,File:USS BOXER (LHD 4) 131101-N-GM561-158 (11027121104).jpg,none,,"no verified photo (geosearch to 2 km + text search, eye-checked): only dashcam frames"
13,Salamanca,Spain,Centro Histórico (Plaza Mayor),40.964895,-5.663736,"File:Vistas de Salamanca, Guanajuato 2008 05.jpg",done,File:Plaza Mayor de Salamanca (30210979204).jpg,Commons file GPS 1 m from the hood point; eye-checked; licence CC BY-SA 2.0
13,Salta,Argentina,Tres Cerritos,-24.768421,-65.392606,File:Bajo la sombra de un mezquite.JPG,none,,"no verified photo (geosearch to 2 km + text search, eye-checked): nearest files are the Cerro San Bernardo 1.3 km away"
13,Samarkand,Uzbekistan,Registan & Old City,39.654778,66.975758,"File:Andijan Old City, Registan square.jpg",done,"File:Sher Dor Madrasa 1619-36; Registan, Samarkand, Uzbekistan (7).jpg",Commons file GPS 6 m from the hood point; eye-checked; licence CC BY 2.0
13,San Andrés,Colombia,El Centro (Town Center),12.5847,-81.7006,File:Farming in the El Centro region in California LCCN2013633417.tif,done,File:San Andrés Centro.jpg,Commons file GPS 723 m from the hood point; eye-checked; licence CC BY-SA 4.0
13,San Andrés,Colombia,San Luis,12.530502,-81.708641,File:Atardecer en Villa de la Quebrada San Luis - Via Crucis del Cristo.jpg,none,,"no verified photo (geosearch to 2 km + text search, eye-checked): only wildlife, food and beaches over 1.4 km away"
13,San Antonio,United States,Southtown,29.414725,-98.488762,"File:312 of '(Our own country. Descriptive, historical, pictorial.)' (11177382603).jpg",done,File:Sala Diaz.jpg,Commons file GPS 386 m from the hood point; eye-checked; licence CC BY-SA 3.0
13,San Cristóbal de las Casas,Mexico,Barrio de Santa Lucía,16.732103,-92.636492,File:Vitoria - Santa Lucía.jpg,done,File:FacadeSantaLuciaSanCris.JPG,Commons file GPS 46 m from the hood point; eye-checked; licence CC BY-SA 4.0
13,San José,Costa Rica,Barrio Escalante,9.937315,-84.062992,File:Km4 moran.JPG,none,,"no verified photo (geosearch to 2 km + text search, eye-checked): only snakes, car showrooms and an office block"
13,San Juan,Puerto Rico,Condado,18.456073,-66.071632,File:La Palma del Condado 135.jpg,done,"File:Condado Beach, San Juan, PR, USA.jpg",Commons file GPS 160 m from the hood point; eye-checked; licence CC BY-SA 3.0
13,San Pedro Sula,Honduras,Barrio El Centro,15.505354,-88.025084,"File:Calle Arones 395, Barrio San Pedro.jpg",done,File:SanPedroSulaChurch01.JPG,Commons file GPS 107 m from the hood point; eye-checked; licence CC BY-SA 3.0
13,San Pedro Sula,Honduras,Barrio Los Andes,15.510888,-88.03264,File:Casa Colectiva Parque Los Andes 03.JPG,none,,"no verified photo (geosearch to 2 km + text search, eye-checked): only football matches and cathedral files from El Centro"
13,San Pedro Sula,Honduras,Jardines del Valle,15.535754,-88.028972,File:Santa Rita (azulejo).jpg,none,,"no verified photo (geosearch to 2 km + text search, eye-checked): only medical-mission photos and a stock interior"
13,San Sebastián,Spain,Gros,43.324735,-1.974615,"File:Gros Islet, Saint Lucia (2024-05-28-14-00-22 UMBRA-04).tiff",done,File:Galtzada Nagusia.jpg,Commons file GPS 39 m from the hood point; eye-checked; licence CC BY-SA 4.0
13,Sana'a,Yemen,Old City,15.355873,44.213536,File:10 S. 2nd Street.jpg,done,File:Old City Of Sanaa (95129511).jpeg,Commons file GPS 85 m from the hood point; eye-checked; licence CC BY-SA 3.0
13,Santa Cruz de Tenerife,Spain,Los Llanos,28.458019,-16.257174,"File:Los Llanos de Aridane, Santa Cruz de Tenerife, Canary Islands, Spain (CAPELLA C10 SP GEO HH 20240803010929 20240803010957).tiff",done,File:Tres de Mayo 05.jpg,Commons file GPS 127 m from the hood point; eye-checked; licence CC BY 3.0
13,Santiago de Compostela,Spain,Casco Histórico (Old Town),42.879687,-8.545087,File:Convento das Concepcionistas.jpg,done,"File:Casco histórico de Santiago de Compostela, avenida de Rodrigo del Padrón.jpg",Commons file GPS 95 m from the hood point; eye-checked; licence CC BY-SA 4.0
13,Santiago de Cuba,Cuba,Centro Historico,20.021514,-75.829525,File:Cross section of buildings in Centro Historico Vitoria 1.jpg,done,"File:General del Parque Céspedes en un espléndido día, al final, Catedral de La Asunción de Santiago de Cuba - panoramio.jpg",Commons file GPS 22 m from the hood point; eye-checked; licence CC BY 3.0
13,Santiago de Querétaro,Mexico,Barrio de la Cruz,20.593916,-100.384883,"File:Murales alrededor del Panteón de la Cruz, barrio de Guadalupe 18.jpg",done,File:Templo de la Cruz - panoramio.jpg,Commons file GPS 130 m from the hood point; eye-checked; licence CC BY-SA 3.0
13,Santo Domingo,Dominican Republic,Naco,18.474969,-69.926073,"File:Exterior, Border Patrol Station, Naco, Arizona LCCN2010719666.tif",none,,"no verified photo (geosearch to 2 km + text search, eye-checked): only cars, a metro station and event photos"
14,Scottsdale,United States,Gainey Ranch,33.566893,-111.913497,File:Supra (19375818800).jpg,open,,
14,Scottsdale,United States,South Scottsdale,33.462541,-111.925695,"File:Transmission Towers - Guelph, Ontario 2020-06-19.jpg",open,,
14,Sibiu,Romania,Sub Arini,45.78241,24.139572,File:Josephinische Landaufnahme pg011.jpg,open,,
14,Sihanoukville,Cambodia,Downtown (Ekareach Street),10.625665,103.516094,File:Downtown Gulfport.jpg,open,,
14,Sihanoukville,Cambodia,Victory Hill,10.640514,103.506336,"File:The Victory Inn, St Mawes, Cornwall - June 2025.jpg",open,,
14,Srimangal,Bangladesh,Tea Garden Belt,24.300757,91.70316,"File:Ordnance Survey Half-Inch Sheet 9 Harrogate Leeds and Bradford, Published 1912.jpg",open,,
14,Srinagar,India,Boulevard Road (Dal Lake),34.088106,74.847795,File:Close-up on the Pedestrian overpass on Taiwan Blvd. near Henan Rd. 03.jpg,open,,
14,St. George's,Grenada,Morne Rouge,12.020513,-61.764742,File:Calvaire de Morne-Rouge.jpg,open,,
14,St. George's,Grenada,St. George's (The Carenage),12.049509,-61.752582,"File:Admiralty Chart No 743 St George Harbour, Published 1866.jpg",open,,
14,St. George's,Grenada,True Blue,12.004264,-61.768393,File:America's best kept secret.jpg,open,,
14,Stanley,Falkland Islands,Ross Road East,-51.69377,-57.840133,File:A famous sign in a hedge at entrance to pub car park - geograph.org.uk - 5977591.jpg,open,,
14,Stanley,Falkland Islands,Stanley Waterfront / Ross Road,-51.692237,-57.85736,File:Bust of Bertie Reed (base).jpg,open,,
14,Stanley,Falkland Islands,West Stanley,-51.691927,-57.872679,"File:Pavilion at east end of screen wall, Stanley Park 4.jpg",open,,
14,Stavanger,Norway,Storhaug,58.967056,5.740028,File:Hillari at byLarm 2023 03.jpg,open,,
14,Sucre,Bolivia,Centro Histórico,-19.048436,-65.260477,File:Casco colonial de Petare 1.jpg,open,,
14,Surakarta,Indonesia,Kraton & Kauman,-7.573971,110.826351,File:GrandMosqueYogya.JPG,open,,
14,Sylhet,Bangladesh,Ambarkhana,24.905885,91.872081,File:Amberkhana.jpg,open,,
14,São Tomé,São Tomé and Príncipe,Praia Lagarto (Airport Beach),0.366667,6.716667,File:Espécime de lagarto sem patas bem comum na reserva sapiranga.jpg,open,,
14,Tampa,United States,Channel District,27.950382,-82.44684,File:20120414 John H Glenn fireboat sunset.JPG,open,,
14,Tarawa,Kiribati,Ambo,1.350285,173.03883,File:Zentralbibliothek Zürich - Ambo in SS. Giovanni e Paolo zu Ravenna - 991046598359705501.jpg,open,,
14,Taupo,New Zealand,Acacia Bay,-38.701836,176.030903,File:Milnthorpe Park ADW 004.jpg,open,,
14,Taupo,New Zealand,Two Mile Bay,-38.712953,176.085408,File:Astro at West Bay - Flickr - Robin Mulligan.jpg,open,,
14,Tegucigalpa,Honduras,Boulevard Morazán / Multiplaza,14.10003,-87.186412,File:Estadio Morazan 5.jpg,open,,
14,Tegucigalpa,Honduras,Colonia Palmira,14.102032,-87.194004,File:UTUPalmira.jpg,open,,
14,Tehran,Iran,Downtown (Ferdowsi/Imam Khomeini Square),35.685666,51.421546,File:Sanandaj city center.jpg,open,,
15,The Valley,Anguilla,Meads Bay,18.181918,-63.135101,File:Bigelow's monkeyflower Mimulus bigelovii (f7e3d85c-f3d3-487b-a8c5-b40f9f910b59).jpg,open,,
15,The Valley,Anguilla,Rendezvous Bay,18.171508,-63.113383,File:005 Pre-EVA-1 Right Window Pan Hi-Res.webp,open,,
15,The Valley,Anguilla,Shoal Bay East,18.253781,-63.035264,File:Brittle stars at East Shoal P8150962.JPG,open,,
15,The Valley,Anguilla,The Valley (Town Centre),18.209444,-63.054722,"File:Charlton Athletic Football Club Ground, SE7 - geograph.org.uk - 3970783.jpg",open,,
15,Timimoun,Algeria,Market Area,29.267106,0.235846,File:KÜtahya Market area 8954.jpg,open,,
15,Timimoun,Algeria,Old Ksar (Red Town),29.26108,0.229376,"File:Homann Erben, Topographica repraesentatio barbarici portus et urbis muntiae Oran (FL13722952 2471761).jpg",open,,
15,Timimoun,Algeria,Palm Oasis,29.268785,0.223653,File:Oasis Del Sol Blade.jpg,open,,
15,Toulon,France,Haute Ville,43.125973,5.934037,"File:Saint-Georges-Hauteville (Loire, Fr), croix de fer.JPG",open,,
15,Toulon,France,Vieille Ville (Old Town),43.121331,5.934706,File:Vienne Saint Maurice 28 07 2011 02 Feuille.jpg,open,,
15,Tours,France,Gare & Grammont,47.3893,0.6936,File:Gare de Grammont - 2019-08-19 - escaliers - 01.jpg,open,,
15,Tours,France,Vieux-Tours (Place Plumereau),47.394296,0.682121,File:Tour Saint-Jean-le-Vieux 01.jpg,open,,
15,Trinidad,Cuba,Barrio La Popa,21.807194,-79.981404,File:Postal Cartegena de Indias - Barrio al Pie de la Popa.jpg,open,,
15,Tripoli,Libya,Hay Andalus,32.873527,13.128765,File:Cántaro de Moveros.jpg,open,,
15,Trujillo,Peru,Urb. San Andrés,-8.118227,-79.035548,File:AS09-21-3266 (21728046980).jpg,open,,
15,Turpan,China,Old City Centre (Gaochang District),42.94244,89.18596,File:İçərişəhər Muzey Mərkəzi.jpg,open,,
15,Tórshavn,Faroe Islands,Viðarlund,62.01752,-6.780649,File:A walk in the woods (7447699988).jpg,open,,
15,Ulm,Germany,Weststadt,48.39006,9.962275,File:BS Weststadt Buecherschrank.JPG,open,,
15,Varna,Bulgaria,City Centre,43.205241,27.909966,File:Mikhail Vorontsov Monument in Odesa2025.jpg,open,,
15,Veracruz,Mexico,Costa de Oro,19.155247,-96.102347,"File:La Ciénaga, Muelle Antiguo de Madera, Parque Nacional Henri Pittier, La Ciénaga, Aragua.jpg",open,,
15,Victoria,Seychelles,Victoria Town Centre,-4.623184,55.452332,File:Sanity Watergardens Taylors Lakes.jpg,open,,
15,Vladimir,Russia,Klyazma Riverside,56.125211,40.398658,"File:Река Клязьма, Ковровский район, весна 2016 года.jpg",open,,
15,Wellington,New Zealand,Thorndon,-41.275009,174.77784,File:1 Stanwell Green Postbox - geograph.org.uk - 4571162.jpg,open,,
15,Weno,Federated States of Micronesia,Iras,7.452778,151.841111,File:A lucky observation of an enigmatic cloud (potw1008a).tiff,open,,
15,Whistler,Canada,Upper Village (Blackcomb),50.116303,-122.947958,File:DSC08653 - Horse-drawn Boat (37220943815).jpg,open,,
15,Xi'an,China,Muslim Quarter (Huimin Jie),34.263371,108.938929,File:Ablaq IMG 1544.jpg,open,,
16,Yangshuo,China,Yulong River Area (Baisha & Jiuxian),24.751346,110.451368,File:021 soteska tigrovega skoka (16).JPG,open,,
16,Yaroslavl,Russia,Zavolzhsky (Left Bank),57.649408,39.961034,"File:Zavolzhsky, Tverskaya oblast.jpg",open,,
16,Zadar,Croatia,Old Town (Poluotok),44.117238,15.226089,File:Z-1736 -Templarska gradina - Pakoštane 07.jpg,open,,
16,Zhoushan,China,Mt. Putuo (Putuoshan),29.987646,122.384133,File:The Thousand Buddha Temple 02.jpg,open,,
16,Ålesund,Norway,Sentrum,62.471107,6.150875,File:Soldiering On (7808126).jpeg,open,,
