verdict,country,city,landmark,why,slug,idx,img,page
ROTATED,China,Qinhuangdao,Qinhuangdao Wildlife Park,"sideways; grass and rock, no wildlife",qinhuangdao,7,images/landmarks/qinhuangdao-qinhuangdao-wildlife-park.webp,https://commons.wikimedia.org/wiki/File:%E7%A7%A6%E7%9A%87%E5%B2%9B%E9%87%8E%E7%94%9F%E5%8A%A8%E7%89%A9%E5%9B%AD%E5%A4%A7%E9%97%A8.jpg
ROTATED,Colombia,Cali,Plaza de Cayzedo,"correct plaza, rotated 90 degrees",cali,6,images/landmarks/cali-plaza-de-cayzedo.webp,https://commons.wikimedia.org/w/index.php?search=Plaza%20de%20Cayzedo%20Cali&title=Special:MediaSearch
ROTATED,Germany,Freiburg,Freiburg Münster (Minster),"correct minster, rotated 90 degrees",freiburg,0,images/landmarks/freiburg-munster.webp,https://commons.wikimedia.org/wiki/File:Turm_des_Freiburger_M%C3%BCnster_2022.jpg
ROTATED,Italy,Capri,Giardini di Augusto and Via Krupp,rotated 90 degrees,capri,3,images/landmarks/capri-giardini-di-augusto-via-krupp.webp,https://commons.wikimedia.org/w/index.php?search=Giardini%20di%20Augusto%20and%20Via%20Krupp%20Capri&title=Special:MediaSearch
ROTATED,Italy,Capri,Villa Jovis,rotated 90 degrees,capri,6,images/landmarks/capri-villa-jovis.webp,https://commons.wikimedia.org/w/index.php?search=Villa%20Jovis%20Capri&title=Special:MediaSearch
ROTATED,Poland,Warsaw,St. John's Archcathedral,tilted / rotated,warsaw,7,images/landmarks/warsaw-st-john-s-archcathedral.webp,https://commons.wikimedia.org/wiki/File:StJohnsCathedralWarsawFacade.jpg
ROTATED,Türkiye,Kaş,Lion Tomb (King's Tomb),rotated 90 degrees,kas,1,images/landmarks/kas-lion-tomb.webp,https://commons.wikimedia.org/wiki/File:Antiphellos_Aslanlı_Lahit.jpg
WEAK,Argentina,El Calafate,Walichu Caves (Punta Walichu),"4x4s on a lakeshore, no caves",el-calafate,7,images/landmarks/el-calafate-walichu-caves-punta-walichu.webp,https://commons.wikimedia.org/wiki/File:Cerro_Frias_4x4_tours.jpg
WEAK,Argentina,Mendoza,Luján de Cuyo and Maipú Wineries,"stone wall and mountains, no winery",mendoza,3,images/landmarks/mendoza-lujan-de-cuyo-and-maipu-wineries.webp,https://commons.wikimedia.org/wiki/File:Bodega_Séptima.JPG
WEAK,Australia,Cairns,Great Barrier Reef,"boat on open water, no reef",cairns,1,images/landmarks/cairns-great-barrier-reef.webp,https://commons.wikimedia.org/w/index.php?search=Great%20Barrier%20Reef%20Cairns&title=Special:MediaSearch
WEAK,Chad,N'Djamena,Presidential Palace,gardens and a construction crane,n-djamena,2,images/landmarks/ndjamena-presidential-palace.webp,https://commons.wikimedia.org/wiki/File:Palais_de_la_pr%C3%A9sidence_du_Tchad.jpg
WEAK,China,Anshun,Longgong (Dragon Palace) Caves,"river and hills, no cave",anshun,0,images/landmarks/anshun-longgong.webp,"https://commons.wikimedia.org/wiki/File:%E9%BE%99%E5%AE%AB,_%E5%AE%89%E9%A1%BA_202403.jpg"
WEAK,China,Chengde,Yanyu Tower (Misty Rain Tower),decorated signboard only,chengde,9,images/landmarks/chengde-yanyu-tower.webp,https://commons.wikimedia.org/wiki/File:承德避暑山庄烟雨楼.JPG
WEAK,China,Jingdezhen,Ancient Kiln Folk Customs Museum (Guyao),"park and lake, museum not visible",jingdezhen,2,images/landmarks/jingdezhen-ancient-kiln-folk-museum.webp,https://commons.wikimedia.org/wiki/File:%E6%99%AF%E5%BE%B7%E9%95%87%E5%8F%A4%E7%AA%91%E6%B0%91%E4%BF%97%E5%8D%9A%E8%A7%88%E5%8C%BA_04.jpg
WEAK,China,Lijiang,Mu Family Mansion (Mufu Palace),a stone lion detail only,lijiang,2,images/landmarks/lijiang-mu-family-mansion.webp,https://commons.wikimedia.org/wiki/File:%E4%B8%BD%E6%B1%9F%E5%8F%A4%E5%9F%8E_%E6%9C%A8%E5%BA%9C_2026-04-01_02.jpg
WEAK,China,Wuyishan,Water Curtain Cave (Shuilian Dong),"path with umbrellas, no cave",wuyishan,4,images/landmarks/wuyishan-water-curtain-cave-shuilian-dong.webp,https://commons.wikimedia.org/wiki/File:%E6%AD%A6%E5%A4%B7%E5%B1%B1%E5%9B%BD%E5%AE%B6%E5%BA%A6%E5%81%87%E9%A3%8E%E6%99%AF%E5%8C%BA-%E6%B0%B4%E5%B8%98%E6%B4%9E%E6%99%AF%E5%8C%BA_-_panoramio.jpg
WEAK,Curaçao,Willemstad,Mikvé Israel-Emanuel Synagogue,partial corner of the building,willemstad,2,images/landmarks/willemstad-mikve-israel-emanuel-synagogue.webp,https://commons.wikimedia.org/wiki/File:Cura%C3%A7ao_synagogue1.jpg
WEAK,Côte d'Ivoire,Abidjan,Henri Konan Bédié Bridge,"water and skyline, bridge not visible",abidjan,3,images/landmarks/abidjan-henri-konan-bedie-bridge.webp,https://commons.wikimedia.org/wiki/File:Pont_HKB_panorama_Plateau.jpg
WEAK,Egypt,Aswan,Aswan High Dam,satellite image,aswan,2,images/landmarks/aswan-aswan-high-dam.webp,https://commons.wikimedia.org/wiki/File:BarragemAssuão.jpg
WEAK,Ethiopia,Mek'ele,Mekelle Salt Market,"city aerial, no market",mek-ele,3,images/landmarks/mek-ele-mekelle-salt-market.webp,https://commons.wikimedia.org/wiki/File:ET_Mekele_asv2018-01_img19_pano_from_Choma_(cropped).jpg
WEAK,France,Aix-en-Provence,Fontaine de la Rotonde,vintage postcard reproduction,aix-en-provence,2,images/landmarks/aix-en-provence-fontaine-de-la-rotonde.webp,https://commons.wikimedia.org/wiki/File:Bas_du_cours_mirabeau.jpg
WEAK,France,Saint-Tropez,Phare de Saint-Tropez,"coastline, lighthouse not visible",saint-tropez,9,images/landmarks/saint-tropez-phare-de-saint-tropez.webp,https://commons.wikimedia.org/wiki/File:Pointe_Sainte-Hospice.jpg
WEAK,Guatemala,Quetzaltenango,Cerro El Baúl,carved stones only,quetzaltenango,5,images/landmarks/quetzaltenango-cerro-el-baul.webp,https://commons.wikimedia.org/wiki/File:El_Ba%C3%BAl_3.jpg
WEAK,Guinea,Conakry,Camayenne Botanical Garden,"mosque and scrub, garden unclear",conakry,6,images/landmarks/conakry-camayenne-botanical-garden.webp,https://en.wikipedia.org/wiki/File:Conakrymosque.jpg
WEAK,Iceland,Reykjavík,Perlan,pond; Perlan barely visible,reykjavik,3,images/landmarks/reykjavik-perlan.webp,https://commons.wikimedia.org/wiki/File:20190623_PerlanWalk_8818_(48469788156).jpg
WEAK,Indonesia,Banda Aceh,Ulee Lheue Beach and Harbor,road and gateway,banda-aceh,9,images/landmarks/banda-aceh-ulee-lheue-beach-and-harbor.webp,https://commons.wikimedia.org/wiki/File:Pelabuhan%20Ul%C3%A8%C3%AB%20Lheu%C3%AB.JPG
WEAK,Iraq,Najaf,"House of Imam Ali (Dar al-Imam Ali, Kufa)",appears to duplicate the previous landmark's photo,najaf,6,images/landmarks/najaf-house-of-imam-ali-dar-al-imam-ali-kufa.webp,https://commons.wikimedia.org/wiki/File:ImamAliShrine2026.jpg
WEAK,Italy,Cortina d'Ampezzo,Lago di Sorapis,mountains; the lake is not visible,cortina-d-ampezzo,2,images/landmarks/cortina-d-ampezzo-lago-di-sorapis.webp,https://commons.wikimedia.org/w/index.php?curid=82986381
WEAK,Japan,Nagano,Kawanakajima Battlefield (Hachimanbara),empty snowy field,nagano,5,images/landmarks/nagano-kawanakajima-battlefield.webp,"https://commons.wikimedia.org/wiki/File:Hachimanpara_Historic_Park_No,1.JPG"
WEAK,Kazakhstan,Astana,Ishim River Embankment,"240x180 pixels, unusably small",astana,9,images/landmarks/astana-ishim-river-embankment.webp,https://commons.wikimedia.org/wiki/File:IshiminAstana.jpg
WEAK,Mexico,Cancún,Cenote Ik Kil,"a thatched shop, not the cenote",cancun,4,images/landmarks/cancun-cenote-ik-kil.webp,https://commons.wikimedia.org/w/index.php?search=Cenote%20Ik%20Kil%20Canc%C3%BAn&title=Special:MediaSearch
WEAK,Mexico,Ensenada,Bodegas de Santo Tomás,a wine barrel in a cellar,ensenada,7,images/landmarks/ensenada-bodegas-de-santo-tomas.webp,https://commons.wikimedia.org/wiki/File:Huge_Wine_Barrel.JPG
WEAK,Morocco,Agadir,Souk El Had,faded city view,agadir,2,images/landmarks/agadir-souk-el-had.webp,https://commons.wikimedia.org/wiki/File:C360_2015-04-28-16-25-59_-_Copie.jpg
WEAK,Nepal,Siddharthanagar,Tilaurakot (Kapilvastu),field and tree,siddharthanagar,8,images/landmarks/siddharthanagar-tilaurakot.webp,https://commons.wikimedia.org/wiki/File:Suddhodana_Palace-east_gate.JPG
WEAK,Northern Mariana Islands,Saipan,Micro Beach,tilted horizon,saipan,8,images/landmarks/saipan-micro-beach.webp,https://commons.wikimedia.org/wiki/File:Day_Starts_(4570970936).jpg
WEAK,Philippines,Baguio,BenCab Museum,obscured by fog,baguio,5,images/landmarks/baguio-bencab-museum.webp,https://commons.wikimedia.org/wiki/File:Fog%20outside%20BenCab%20Museum%2C%20Tuba%2C%20Benguet.jpg
WEAK,Poland,Sopot,Sopot Hippodrome,field; the hippodrome is unclear,sopot,9,images/landmarks/sopot-sopot-hippodrome.webp,https://commons.wikimedia.org/wiki/File:SopotKarlikowo-Hipodrom.JPG
WEAK,Tajikistan,Dushanbe,Dushanbe Zoo,cracked concrete yard,dushanbe,8,images/landmarks/dushanbe-dushanbe-zoo.webp,https://commons.wikimedia.org/wiki/File:Dushanbezoo_entrance.JPG
WEAK,Ukraine,Odessa,Passage Shopping Arcade,tilted interior,odessa,8,images/landmarks/odessa-passage-arcade.webp,https://commons.wikimedia.org/wiki/File:Пасаж_(Одеса)_1.jpg
WEAK,Uzbekistan,Samarkand,Siyob Bazaar,platters of dried fruit rather than the bazaar,samarkand,5,images/landmarks/samarkand-siyob-bazaar.webp,https://commons.wikimedia.org/wiki/File:13S_20240410_110.jpg
WEAK,Western Sahara,Laayoune,Foum el Oued Beach,desert and town; the beach is not visible,laayoune,8,images/landmarks/laayoune-foum-el-oued-beach.webp,https://commons.wikimedia.org/wiki/File:%D8%B4%D8%A7%D8%B7%D8%A6_%D9%81%D9%85_%D8%A7%D9%84%D9%88%D8%A7%D8%AF%D8%8C_%D8%A7%D9%84%D8%B9%D9%8A%D9%88%D9%86.jpg
WRONG,Algeria,Constantine,Cirta National Museum,scanned plate of Punic inscriptions,constantine,7,images/landmarks/constantine-cirta-national-museum.webp,https://commons.wikimedia.org/wiki/File:Lazare_Costa_inscriptions_in_Lidzbarski%27s_Handbuch_der_Nordsemitischen_Epigraphik_Table_XV_(cropped).jpg
WRONG,Bangladesh,Saint Martin's Island,Saint Martin's Bazaar,historic engraving of a battle scene,saint-martin-s-island,7,images/landmarks/saint-martin-s-island-saint-martin-s-bazaar.webp,https://commons.wikimedia.org/wiki/File:Invasion_of_Re1627.jpg
WRONG,Canada,Kelowna,Okanagan Heritage Museum,"lake beach, not a museum",kelowna,8,images/landmarks/kelowna-okanagan-heritage-museum.webp,"https://commons.wikimedia.org/wiki/File:Peachland,_British_Columbia.jpg"
WRONG,Chile,Puerto Natales,Cementerio Municipal de Puerto Natales,"a Mediterranean villa, not a cemetery",puerto-natales,9,images/landmarks/puerto-natales-cementerio-municipal-de-puerto-natales.webp,https://commons.wikimedia.org/wiki/File:Castillo_Serralles.JPG
WRONG,China,Beihai,Silver Beach (Yintan),"shopping plaza entrance, not the beach",beihai,0,images/landmarks/beihai-silver-beach-yintan.webp,https://commons.wikimedia.org/wiki/File:BeiHaiYanTan.jpg
WRONG,China,Chongqing,Nanshan Yizhi Botanical Garden (One Tree Viewing Platform),"city skyline, not a botanical garden",chongqing,7,images/landmarks/chongqing-nanshan-yizhi-botanical-garden.webp,https://commons.wikimedia.org/wiki/File:SkylineOfChongqing.jpg
WRONG,China,Fenghuang,Former Residence of Shen Congwen,"portrait of Shen Congwen, not his residence",fenghuang,5,images/landmarks/fenghuang-former-residence-of-shen-congwen.webp,https://commons.wikimedia.org/wiki/File:Shencongwen001.jpg
WRONG,China,Lijiang,Naxi Ancient Music Association,line drawing of musicians,lijiang,9,images/landmarks/lijiang-naxi-ancient-music-association.webp,https://commons.wikimedia.org/wiki/File:Chinesezither.jpg
WRONG,China,Yangzhou,Wangshi Xiaoyuan (Wang Family Compound),an information board / floor plan,yangzhou,9,images/landmarks/yangzhou-wangshi-xiaoyuan.webp,https://commons.wikimedia.org/wiki/File:汪氏小苑0842.jpg
WRONG,China,Zhangjiajie,Ten-Mile Natural Gallery,interior of a train window,zhangjiajie,9,images/landmarks/zhangjiajie-ten-mile-natural-gallery.webp,https://commons.wikimedia.org/wiki/File:张家界十里画廊小火车.jpeg
WRONG,China,Zhangye,Shandan Military Horse Ranch,a blank billboard in a field,zhangye,7,images/landmarks/zhangye-shandan-military-horse-ranch.webp,https://commons.wikimedia.org/wiki/File:山丹军马场.jpeg
WRONG,Dominican Republic,La Romana,Central Romana Sugar Mill,"a church, not a sugar mill",la-romana,8,images/landmarks/la-romana-central-romana-sugar-mill.webp,https://commons.wikimedia.org/wiki/File:Dominicana-Altos_de_Chavon.jpg
WRONG,Ecuador,Quito,TelefériQo,"a bird in grass, not the cable car",quito,4,images/landmarks/quito-teleferiqo.webp,"https://commons.wikimedia.org/wiki/File:Curiquingue,_cerca_de_la_estaci%C3%B3n_del_Telef%C3%A9riQo.jpg"
WRONG,Fiji,Nadi,Vuda Marina,a line-drawn map of Fiji,nadi,8,images/landmarks/nadi-vuda-marina.webp,https://commons.wikimedia.org/wiki/File:Viti_Levu_Islands.jpg
WRONG,France,Aix-en-Provence,Quartier Mazarin,historic engraved city plan,aix-en-provence,7,images/landmarks/aix-en-provence-quartier-mazarin.webp,https://commons.wikimedia.org/wiki/File:Devoux1753.jpeg
WRONG,Greece,Mytilene,Theophilos Museum,portrait of the painter Theophilos,mytilene,6,images/landmarks/mytilene-theophilos-museum.webp,https://commons.wikimedia.org/wiki/File:Theofilos-photo.jpeg
WRONG,Grenada,St. George's,Bay Gardens Botanical Reserve,"a wallaby, an Australian animal, in Grenada",st-george-s,9,images/landmarks/st-george-s-bay-gardens-botanical-reserve.webp,https://commons.wikimedia.org/wiki/File:Macropus_rufogriseus_rufogriseus_Juvenile_2.jpg
WRONG,India,Cochin,Kerala Kathakali Centre,"a backwater houseboat, not a dance theatre",cochin,6,images/landmarks/cochin-kerala-kathakali-centre.webp,https://commons.wikimedia.org/wiki/File:Boathouse_(7063399547).jpg
WRONG,Iraq,Baghdad,Abu Hanifa Mosque,"postcard captioned 'A View of Moazam', a different place",baghdad,1,images/landmarks/baghdad-abu-hanifa-mosque.webp,https://commons.wikimedia.org/wiki/File:A%20View%20of%20Abu%20Hanifa%20Mosque%20in%20Adhamiyah.jpg
WRONG,Ireland,Dublin,Phoenix Park,"a three-image collage, not a photograph",dublin,8,images/landmarks/dublin-phoenix-park.webp,https://commons.wikimedia.org/wiki/File:PhoenixParkWMurphy.jpg
WRONG,Jamaica,Kingston,Lime Cay,a labelled satellite / nautical chart,kingston,9,images/landmarks/kingston-lime-cay.webp,https://commons.wikimedia.org/wiki/File:Port_Royal_Cays.png
WRONG,Japan,Hirosaki,Hirosaki Apple Park,"Neputa festival floats, not an apple park",hirosaki,7,images/landmarks/hirosaki-hirosaki-apple-park.webp,https://commons.wikimedia.org/wiki/File:%C5%8Cgi_Neputa_2.jpg
WRONG,Kosovo,Pristina,Bill Clinton Statue,"a night highway overpass, no statue",pristina,9,images/landmarks/pristina-bill-clinton-statue.webp,https://commons.wikimedia.org/wiki/File:PrishtinaAtNight.JPG
WRONG,Mali,Bamako,National Museum of Mali,"a loaded bush taxi, not the museum",bamako,3,images/landmarks/bamako-national-museum-of-mali.webp,https://commons.wikimedia.org/wiki/File:Au%20Mus%C3%A9e%20National%20du%20Mali%20-%20Bamako%2C%20MALI.jpg
WRONG,Nigeria,Calabar,Duke Town Presbyterian Church,a historic lantern slide with its frame and label in shot,calabar,5,images/landmarks/calabar-duke-town-presbyterian-church.webp,https://commons.wikimedia.org/w/index.php?search=Duke%20Town%20Presbyterian%20Church%20Calabar&title=Special:MediaSearch
WRONG,Saudi Arabia,Ta'if,Souk Okaz,a hand-drawn map,ta-if,2,images/landmarks/taif-souk-okaz.webp,https://commons.wikimedia.org/wiki/File:%D8%B3%D9%88%D9%82_%D8%B9%D9%83%D8%A7%D8%B8.JPG
WRONG,Tanzania,Moshi,Marangu Village and Chagga Caves,a map of Kilimanjaro,moshi,5,images/landmarks/moshi-marangu-village-and-chagga-caves.webp,"https://commons.wikimedia.org/wiki/File:561_of_%27Across_East_African_Glaciers._An_account_of_the_first_ascent_of_Kilimanjaro_..._Translated_from_the_German_by_E._H._S._Calder._With_..._illustrations_and_..._maps,_etc._(With_a_biography_and_appendices.)_L.P%27_(11208295136).jpg"
WRONG,Thailand,Phitsanulok,Thai Bird Garden,"classical Thai dancers, not a bird garden",phitsanulok,9,images/landmarks/phitsanulok-thai-bird-garden.webp,https://commons.wikimedia.org/wiki/File:%E0%B8%A3%E0%B8%B0%E0%B8%9A%E0%B8%B3%E0%B8%9D%E0%B8%A3%E0%B8%B1%E0%B9%88%E0%B8%87%E0%B8%84%E0%B8%B9%E0%B9%88.png
