country,cityname,city,idx,name,reason
Afghanistan,Bamyan,bamyan,4,Dara-e Ajdahar (Dragon Valley),missing — no photo at all
Afghanistan,Bamyan,bamyan,5,Kakrak Valley Buddha Niche,missing — no photo at all
Afghanistan,Bamyan,bamyan,6,Foladi Valley Caves,missing — no photo at all
Afghanistan,Bamyan,bamyan,8,Bamyan Cliff Monastic Caves,missing — no photo at all
Algeria,Constantine,constantine,6,The Casbah and Souika old town,missing — no photo at all
Algeria,Constantine,constantine,8,Mellah Slimane footbridge (Passerelle Perrégaux),missing — no photo at all
Algeria,Djanet,djanet,5,Tin Merzouga Dune,missing — no photo at all
Algeria,Tamanrasset,tamanrasset,8,Maison de l'Artisanat,missing — no photo at all
Algeria,Timimoun,timimoun,1,Porte du Soudan (Sudan Gate),missing — no photo at all
Algeria,Timimoun,timimoun,2,Hôtel de l'Oasis Rouge,missing — no photo at all
Algeria,Timimoun,timimoun,6,Ksar Ouled Saïd,missing — no photo at all
Anguilla,The Valley,the-valley,1,St. Gerard's Roman Catholic Church,missing — no photo at all
Anguilla,The Valley,the-valley,3,Old Valley Well and Historic Village,missing — no photo at all
Anguilla,The Valley,the-valley,4,Ebenezer Methodist Church,missing — no photo at all
Anguilla,The Valley,the-valley,5,Fountain Cavern National Park,missing — no photo at all
Anguilla,The Valley,the-valley,7,Crocus Bay and Little Bay,missing — no photo at all
Anguilla,The Valley,the-valley,8,Big Spring Heritage Site (Island Harbour),missing — no photo at all
Argentina,Puerto Iguazú,puerto-iguazu,7,Jardín de los Picaflores,missing — no photo at all
Bangladesh,Cox's Bazar,cox-s-bazar,4,Aggmeda Khyang,missing — no photo at all
Bangladesh,Saint Martin's Island,saint-martin-s-island,1,West Beach,missing — no photo at all
Bangladesh,Saint Martin's Island,saint-martin-s-island,2,Coral Beach (East Beach),missing — no photo at all
Bangladesh,Saint Martin's Island,saint-martin-s-island,3,Shomudro Bilash (Humayun Ahmed's House),missing — no photo at all
Bangladesh,Saint Martin's Island,saint-martin-s-island,8,Dakhinpara (Southern Village),missing — no photo at all
Belize,Belize City,belize-city,7,Battlefield Park,missing — no photo at all
Belize,Belize City,belize-city,8,Image Factory Art Foundation,missing — no photo at all
Belize,Belize City,belize-city,9,Yarborough Cemetery,missing — no photo at all
Benin,Cotonou,cotonou,6,Cotonou Friendship Bridge (Pont du Novotel),missing — no photo at all
Benin,Cotonou,cotonou,8,Musée de la Fondation Zinsou Ouidah Route (Route des Esclaves gateway),missing — no photo at all
Benin,Porto-Novo,porto-novo,9,Marché International d'Ouando,missing — no photo at all
Bermuda,Hamilton,hamilton,3,Bermuda Underwater Exploration Institute (BUEI),missing — no photo at all
Bermuda,Hamilton,hamilton,8,Albuoy's Point and the Birdcage,missing — no photo at all
Bolivia,Santa Cruz de la Sierra,santa-cruz-de-la-sierra,7,Manzana Uno Espacio de Arte,missing — no photo at all
Bonaire,Kralendijk,kralendijk,8,Terramar Museum,missing — no photo at all
Botswana,Maun,maun,2,Chief's Island,missing — no photo at all
Botswana,Maun,maun,3,Nhabe Museum,missing — no photo at all
Botswana,Maun,maun,4,Maun Educational Park,missing — no photo at all
Botswana,Maun,maun,5,Old Matlapaneng Bridge,missing — no photo at all
Botswana,Maun,maun,7,Motsana Cultural Centre,missing — no photo at all
Botswana,Maun,maun,8,Maun Environmental Education Centre,missing — no photo at all
Botswana,Maun,maun,9,Boro-bonche Ostrich Farm,missing — no photo at all
Brazil,Foz do Iguaçu,foz-do-iguacu,8,Refúgio Biológico Bela Vista,missing — no photo at all
Brazil,Guarujá,guaruja,9,Mirante da Campina (Campina Hill Lookout),missing — no photo at all
Brazil,Maceió,maceio,4,Mirante da Sereia,missing — no photo at all
Brazil,Porto Seguro,porto-seguro,3,Memorial da Epopeia do Descobrimento,missing — no photo at all
British Virgin Islands,Road Town,road-town,1,J.R. O'Neal Botanic Gardens,missing — no photo at all
British Virgin Islands,Road Town,road-town,5,Callwood Rum Distillery,missing — no photo at all
British Virgin Islands,Road Town,road-town,6,Crafts Alive Village,missing — no photo at all
British Virgin Islands,Road Town,road-town,8,1780 Lower Estate Sugar Works Museum,missing — no photo at all
Brunei,Bandar Seri Begawan,bandar-seri-begawan,5,Brunei Museum,missing — no photo at all
Bulgaria,Varna,varna,6,Retro Museum,missing — no photo at all
Burkina Faso,Ouagadougou,ouagadougou,7,Moro-Naba Palace,missing — no photo at all
Cambodia,Battambang,battambang,8,Battambang Provincial Museum,missing — no photo at all
Cambodia,Sihanoukville,sihanoukville,3,Wat Leu (Upper Pagoda),missing — no photo at all
Canada,Kelowna,kelowna,5,Father Pandosy Mission,"reviewed, skipped — no usable candidate found"
Canada,Whistler,whistler,7,Train Wreck Trail,missing — no photo at all
Central African Republic,Bangui,bangui,6,Boganda National Museum,"reviewed, skipped — no usable candidate found"
Central African Republic,Bangui,bangui,7,PK5 Central Mosque,missing — no photo at all
Central African Republic,Bangui,bangui,8,Palais de la Renaissance (Presidential Palace),missing — no photo at all
Chile,Pucón,pucon,8,Salto El Claro,missing — no photo at all
Chile,Puerto Natales,puerto-natales,8,Estación de Ferrocarril de Puerto Natales,missing — no photo at all
China,Anshun,anshun,4,Yunfeng Tunpu (Eight Villages),missing — no photo at all
China,Anshun,anshun,6,Anshun Batik Museum,missing — no photo at all
China,Anshun,anshun,7,Guanling National Geopark,missing — no photo at all
China,Anshun,anshun,8,Hongshan Lake,missing — no photo at all
China,Beihai,beihai,3,Crocodile Mountain Scenic Area,missing — no photo at all
China,Beihai,beihai,4,Guantouling National Forest Park,missing — no photo at all
China,Beihai,beihai,5,Jinhaiwan Mangrove Ecological Zone,missing — no photo at all
China,Beihai,beihai,6,Beihai Underwater World,missing — no photo at all
China,Beihai,beihai,7,Beibu Gulf Square,missing — no photo at all
China,Beihai,beihai,8,Haibin Park (Beihai Seaside Park),missing — no photo at all
China,Chaozhou,chaozhou,9,Phoenix Mountain (Fenghuang Shan) Tea Country,missing — no photo at all
China,Enshi,enshi,3,Qingjiang River Cruise (Butterfly Cliff),missing — no photo at all
China,Enshi,enshi,5,Shiziguan Floating Bridge,missing — no photo at all
China,Enshi,enshi,8,Qingjiang Wind-Rain Bridge,missing — no photo at all
China,Enshi,enshi,9,Yumu Village (Yumuzhai),missing — no photo at all
China,Fenghuang,fenghuang,4,North Gate Tower (Bei Men),missing — no photo at all
China,Fenghuang,fenghuang,5,Former Residence of Shen Congwen,"reviewed, skipped — no usable candidate found"
China,Fenghuang,fenghuang,7,Longevity Palace (Wanshou Gong),missing — no photo at all
China,Fenghuang,fenghuang,8,Yang Family Ancestral Hall,missing — no photo at all
China,Harbin,harbin,8,Volga Manor,missing — no photo at all
China,Jianshui,jianshui,9,Zitao Street (Purple Pottery Street),missing — no photo at all
China,Jingdezhen,jingdezhen,5,Sanbao Ceramic Art Village,missing — no photo at all
China,Jingdezhen,jingdezhen,8,Taoyangli Historic District,missing — no photo at all
China,Kangding,kangding,7,Erdaoqiao Hot Springs,missing — no photo at all
China,Kangding,kangding,8,Kangding Old Town and Zheduo River Squares,missing — no photo at all
China,Kashgar,kashgar,7,Mor Pagoda (Mo'er Buddhist Stupa),missing — no photo at all
China,Leshan,leshan,2,Jiuqu Plank Road,missing — no photo at all
China,Leshan,leshan,7,Zhanggongqiao Food Street,missing — no photo at all
China,Leshan,leshan,9,Laoxiaoding,missing — no photo at all
China,Lijiang,lijiang,3,Wangu Tower on Lion Hill,missing — no photo at all
China,Lijiang,lijiang,8,Big Water Wheel,missing — no photo at all
China,Luoyang,luoyang,3,Lijing Gate and Luoyang Old Town,missing — no photo at all
China,Manzhouli,manzhouli,3,Mammoth Park (Zhalainuoer),missing — no photo at all
China,Qinhuangdao,qinhuangdao,5,Pigeon Nest Park (Gezhenwo),missing — no photo at all
China,Qinhuangdao,qinhuangdao,6,Beidaihe Wetlands and Bird Sanctuary,missing — no photo at all
China,Qinhuangdao,qinhuangdao,8,Xin'ao Undersea World,missing — no photo at all
China,Qinhuangdao,qinhuangdao,9,Qinhuang Qiuxian Ruhai Chu (Emperor Qin's Departure Point),missing — no photo at all
China,Shangri-La,shangri-la,6,Dabao Temple (Dabaosi),missing — no photo at all
China,Shangri-La,shangri-la,8,Gucheng Zangjingtang,missing — no photo at all
China,Shangri-La,shangri-la,9,Zhongxin Assembly Hall,missing — no photo at all
China,Wuyishan,wuyishan,8,Impression Da Hong Pao,missing — no photo at all
China,Zhangye,zhangye,5,Zhangye National Wetland Park,missing — no photo at all
China,Zhangye,zhangye,6,Pingshanhu Grand Canyon,missing — no photo at all
China,Zhaoqing,zhaoqing,8,Licha Bagua Village,missing — no photo at all
China,Zhaoqing,zhaoqing,9,China Inkstone Culture Village (Baishi),missing — no photo at all
China,Zhoushan,zhoushan,8,Dinghai Ancient City,missing — no photo at all
China,Zhuhai,zhuhai,4,Qi'ao Island Mangrove Wetland,missing — no photo at all
China,Zhuhai,zhuhai,7,Jida Fisherman's Wharf,missing — no photo at all
Colombia,Leticia,leticia,2,Mundo Amazónico Ethnobotanical Park,missing — no photo at all
Colombia,Leticia,leticia,5,Catedral Nuestra Señora de la Paz,missing — no photo at all
Colombia,Leticia,leticia,7,Acuarios Etuena,missing — no photo at all
Colombia,Leticia,leticia,8,Yahuarcaca Lakes,missing — no photo at all
Colombia,San Andrés,san-andres,3,Spratt Bight Beach,missing — no photo at all
Colombia,San Andrés,san-andres,9,Jardín Botánico de San Andrés,missing — no photo at all
Comoros,Moroni,moroni,5,Palais du Peuple (Beit Salam),missing — no photo at all
Comoros,Moroni,moroni,6,Itsandra Beach and Palace Ruins,missing — no photo at all
Costa Rica,Liberia,liberia,5,Ponderosa Adventure Park,missing — no photo at all
Costa Rica,Liberia,liberia,6,Museo de Sabanero,missing — no photo at all
Costa Rica,Liberia,liberia,9,Casa de la Cultura de Liberia,missing — no photo at all
Croatia,Pula,pula,9,Aquarium Pula (Fort Verudela),missing — no photo at all
Cuba,Baracoa,baracoa,4,Yumurí Canyon,missing — no photo at all
Cuba,Baracoa,baracoa,6,Castillo de Seboruco,missing — no photo at all
Cuba,Baracoa,baracoa,8,Cueva del Paraíso (Museo Arqueológico),missing — no photo at all
Cuba,Trinidad,trinidad,5,Casa de la Música Steps,missing — no photo at all
Cyprus,Nicosia,nicosia,0,Büyük Han,missing — no photo at all
Cyprus,Nicosia,nicosia,1,Selimiye Mosque,missing — no photo at all
Cyprus,Nicosia,nicosia,2,Famagusta Gate,missing — no photo at all
Cyprus,Nicosia,nicosia,3,Venetian Walls of Nicosia,missing — no photo at all
Cyprus,Nicosia,nicosia,4,Cyprus Museum,missing — no photo at all
Cyprus,Nicosia,nicosia,5,Ledra Street,missing — no photo at all
Cyprus,Nicosia,nicosia,6,Shacolas Tower Museum and Observatory,missing — no photo at all
Cyprus,Nicosia,nicosia,7,Liberty Monument,missing — no photo at all
Cyprus,Nicosia,nicosia,8,Archbishop's Palace,missing — no photo at all
Cyprus,Nicosia,nicosia,9,Hadjigeorgakis Kornesios Mansion,missing — no photo at all
Côte d'Ivoire,Abidjan,abidjan,9,Cocody Town Hall,missing — no photo at all
Côte d'Ivoire,Yamoussoukro,yamoussoukro,8,Abokouamekro Game Reserve,missing — no photo at all
DR Congo,Goma,goma,6,Mount Goma,"wrong subject — photo is Mt. Nyiragongo, a different volcano"
DR Congo,Goma,goma,8,Virunga Market and Birere District,missing — no photo at all
DR Congo,Goma,goma,9,Grande Barrière Border Crossing,missing — no photo at all
Djibouti,Djibouti City,djibouti-city,0,Hamoudi Mosque,missing — no photo at all
Djibouti,Djibouti City,djibouti-city,1,Djibouti Central Market,missing — no photo at all
Djibouti,Djibouti City,djibouti-city,2,Place Menelik,missing — no photo at all
Djibouti,Djibouti City,djibouti-city,3,Cathedral of Our Lady of the Good Shepherd,missing — no photo at all
Djibouti,Djibouti City,djibouti-city,4,People's Palace (Palais du Peuple),missing — no photo at all
Djibouti,Djibouti City,djibouti-city,5,Djibouti Museum,missing — no photo at all
Djibouti,Djibouti City,djibouti-city,6,Moucha Island,missing — no photo at all
Djibouti,Djibouti City,djibouti-city,7,Maskali Islands,missing — no photo at all
Djibouti,Djibouti City,djibouti-city,8,Lake Assal,missing — no photo at all
Djibouti,Djibouti City,djibouti-city,9,Arta Beach,missing — no photo at all
Dominica,Roseau,roseau,5,Champagne Reef,missing — no photo at all
Dominica,Roseau,roseau,8,Titou Gorge,missing — no photo at all
Dominican Republic,La Romana,la-romana,4,Regional Museum of Archaeology (Altos de Chavón),missing — no photo at all
Dominican Republic,La Romana,la-romana,7,Dye Fore Golf Course,missing — no photo at all
Dominican Republic,La Romana,la-romana,9,Playa Minitas,missing — no photo at all
Dominican Republic,Puerto Plata,puerto-plata,1,Pico Isabel de Torres and Christ the Redeemer,"reviewed, skipped — no usable candidate found"
Dominican Republic,Puerto Plata,puerto-plata,4,Museo del Ámbar,missing — no photo at all
Dominican Republic,Puerto Plata,puerto-plata,5,Parque Independencia,missing — no photo at all
Dominican Republic,Punta Cana,punta-cana,6,Indigenous Eyes Ecological Park (Reserva Ecológica Ojos Indígenas),missing — no photo at all
Dominican Republic,Punta Cana,punta-cana,8,Marinarium,missing — no photo at all
Egypt,Hurghada,hurghada,3,El Dahar Old Town and Bazaar,missing — no photo at all
Egypt,Hurghada,hurghada,8,Dolphin House Reef (Sha'ab El Erg),missing — no photo at all
Egypt,Hurghada,hurghada,9,Eastern Desert Bedouin villages and dunes,missing — no photo at all
Egypt,Marsa Alam,marsa-alam,4,Samadai Reef (Dolphin House),missing — no photo at all
Egypt,Sharm El Sheikh,sharm-el-sheikh,3,Old Market (Sharm El Maya),missing — no photo at all
Equatorial Guinea,Malabo,malabo,1,Plaza de la Independencia,missing — no photo at all
Equatorial Guinea,Malabo,malabo,4,Parque de la Amistad (Friendship Park),missing — no photo at all
Equatorial Guinea,Malabo,malabo,9,Luba (Concepción) Coastal Town,missing — no photo at all
Ethiopia,Axum,axum,8,Axum Archaeological Museum,missing — no photo at all
Ethiopia,Bahir Dar,bahir-dar,4,Bezawit Hill (Haile Selassie Palace Viewpoint),missing — no photo at all
Ethiopia,Bahir Dar,bahir-dar,7,Tana Kirkos Island,missing — no photo at all
Ethiopia,Gondar,gondar,5,Ras Gimb Palace Museum,missing — no photo at all
Ethiopia,Gondar,gondar,9,Ras Mikael Sehul's Palace,"reviewed, skipped — no usable candidate found"
Ethiopia,Harar,harar,9,Mekina Girgir (Sewing Machine Street),missing — no photo at all
Ethiopia,Lalibela,lalibela,6,Asheton Maryam Monastery,missing — no photo at all
Ethiopia,Mek'ele,mek-ele,2,Abraha Castle,missing — no photo at all
Ethiopia,Mek'ele,mek-ele,4,Kedamay Weyane Market,missing — no photo at all
Federated States of Micronesia,Weno,weno,0,Fujikawa Maru,missing — no photo at all
Federated States of Micronesia,Weno,weno,1,San Francisco Maru,missing — no photo at all
Federated States of Micronesia,Weno,weno,2,Shinkoku Maru,missing — no photo at all
Federated States of Micronesia,Weno,weno,3,Nefo Cave,missing — no photo at all
Federated States of Micronesia,Weno,weno,4,Mount Tonaachaw,missing — no photo at all
Federated States of Micronesia,Weno,weno,5,Tonotan Guns and Caves,missing — no photo at all
Federated States of Micronesia,Weno,weno,6,Wiichen Men's Meetinghouse,missing — no photo at all
Federated States of Micronesia,Weno,weno,7,Xavier High School,missing — no photo at all
Federated States of Micronesia,Weno,weno,8,Kimiuo Aisek Memorial Museum,missing — no photo at all
Federated States of Micronesia,Weno,weno,9,Eten Island,missing — no photo at all
Fiji,Nadi,nadi,7,Momi Battery Historical Park,missing — no photo at all
Finland,Rovaniemi,rovaniemi,8,Arctic Circle Hiking Area and Vaattunkiköngäs,missing — no photo at all
France,Colmar,colmar,6,Koïfhus (Old Custom House),missing — no photo at all
France,Colmar,colmar,7,Quai de la Poissonnerie (Fishmonger's Quay),missing — no photo at all
France,Nîmes,nimes,9,Les Halles de Nîmes,missing — no photo at all
France,Tours,tours,9,Rue Colbert,"wrong subject — photo is Reims, not Tours"
Gabon,Libreville,libreville,0,Cathédrale Sainte-Marie,missing — no photo at all
Gabon,Libreville,libreville,9,Akanda National Park,missing — no photo at all
Gambia,Banjul,banjul,4,McCarthy Square,missing — no photo at all
Germany,Cologne,cologne,8,Rheinauhafen and the Kranhäuser (Crane Houses),missing — no photo at all
Germany,Cologne,cologne,9,4711 House of Fragrances (Glockengasse),missing — no photo at all
Germany,Munich,munich,9,Deutsches Museum,licence blocked — replacement was CC BY-NC-ND — NonCommercial/NoDerivatives
Ghana,Accra,accra,9,W.E.B. Du Bois Centre,wrong subject — current photo wrong subject; replacement was NC-ND licensed
Ghana,Cape Coast,cape-coast,7,Assin Manso Ancestral Slave River Site,missing — no photo at all
Ghana,Kumasi,kumasi,3,Prempeh II Jubilee Museum,missing — no photo at all
Ghana,Kumasi,kumasi,6,Rattray Park,"reviewed, skipped — no usable candidate found"
Greece,Chios,chios,9,Giustiniani Palace Museum,"reviewed, skipped — no usable candidate found"
Greece,Corfu,corfu,3,Vlacherna Monastery and Pontikonisi (Mouse Island),missing — no photo at all
Greece,Corfu,corfu,7,Kanoni viewpoint,missing — no photo at all
Greece,Heraklion,heraklion,9,Central Market on 1866 Street,missing — no photo at all
Greece,Kalamata,kalamata,7,Monastery of Kalograion (Nuns' Monastery),missing — no photo at all
Greece,Kalamata,kalamata,9,Kalamata Costume Museum (Benaki Museum Annex),missing — no photo at all
Greece,Mytilene,mytilene,5,"Teriade Museum, Varia",missing — no photo at all
Greece,Mytilene,mytilene,6,Theophilos Museum,"reviewed, skipped — no usable candidate found"
Greece,Mytilene,mytilene,8,Ermou Street and the Old Market,missing — no photo at all
Greenland,Nuuk,nuuk,9,Myggedalen Viewpoint,missing — no photo at all
Grenada,St. George's,st-george-s,4,Market Square,missing — no photo at all
Guadeloupe,Le Gosier,le-gosier,8,Friday Night Market of Gosier,missing — no photo at all
Guadeloupe,Le Gosier,le-gosier,9,Étang du Mitan,missing — no photo at all
Guatemala,Flores,flores,6,Jorge's Rope Swing,missing — no photo at all
Guatemala,Flores,flores,7,ARCAS Wildlife Rescue Center,missing — no photo at all
Guatemala,Flores,flores,8,Parque Natural Ixpanpajul,missing — no photo at all
Guinea,Conakry,conakry,5,Grand Marché Madina,missing — no photo at all
Guinea,Conakry,conakry,7,Rogbané Beach,missing — no photo at all
Guinea-Bissau,Bissau,bissau,2,Bandim Market,missing — no photo at all
Guinea-Bissau,Bissau,bissau,7,Bissau Velho (Old Bissau) Waterfront,missing — no photo at all
Haiti,Cap-Haïtien,cap-haitien,3,Place d'Armes,missing — no photo at all
Haiti,Cap-Haïtien,cap-haitien,7,Île-à-Rat (Amiga Island),missing — no photo at all
Haiti,Cap-Haïtien,cap-haitien,9,Site des Ramiers,missing — no photo at all
Honduras,La Ceiba,la-ceiba,2,Cuero y Salado Wildlife Refuge,missing — no photo at all
Honduras,La Ceiba,la-ceiba,3,Catedral San Isidro and Parque Central,missing — no photo at all
Honduras,La Ceiba,la-ceiba,5,Museum of Butterflies and Other Insects,missing — no photo at all
Honduras,La Ceiba,la-ceiba,6,Parque Swinford,missing — no photo at all
Honduras,La Ceiba,la-ceiba,8,Reynaldo Canales Tourist Pier,missing — no photo at all
Honduras,La Ceiba,la-ceiba,9,Paseo de los Ceibeños,missing — no photo at all
Honduras,San Pedro Sula,san-pedro-sula,3,Mercado Guamilito,missing — no photo at all
Honduras,San Pedro Sula,san-pedro-sula,8,Museo de la Naturaleza,missing — no photo at all
Honduras,San Pedro Sula,san-pedro-sula,9,Cathedral viewpoint at El Merendón,missing — no photo at all
India,Ahmedabad,ahmedabad,0,Sabarmati Ashram,missing — no photo at all
India,Ahmedabad,ahmedabad,1,Jama Mosque,missing — no photo at all
India,Ahmedabad,ahmedabad,2,Sidi Saiyyed Mosque,missing — no photo at all
India,Ahmedabad,ahmedabad,3,Bhadra Fort & Teen Darwaza,missing — no photo at all
India,Ahmedabad,ahmedabad,4,Kankaria Lake,missing — no photo at all
India,Ahmedabad,ahmedabad,5,Sabarmati Riverfront,missing — no photo at all
India,Ahmedabad,ahmedabad,6,Adalaj Stepwell,missing — no photo at all
India,Ahmedabad,ahmedabad,7,Hutheesing Jain Temple,missing — no photo at all
India,Ahmedabad,ahmedabad,8,Calico Museum of Textiles,missing — no photo at all
India,Ahmedabad,ahmedabad,9,Sarkhej Roza,missing — no photo at all
India,Tirupati,tirupati,9,Sri Venkateswara Gosamrakshanashala,missing — no photo at all
Indonesia,Banda Aceh,banda-aceh,3,Lampulo Boat on the Roof,missing — no photo at all
Indonesia,Labuan Bajo,labuan-bajo,6,Cunca Wulang Waterfall,missing — no photo at all
Indonesia,Magelang,magelang,8,OHD Museum,missing — no photo at all
Indonesia,Makassar,makassar,7,Center Point of Indonesia (CPI),missing — no photo at all
Indonesia,Malang,malang,8,Kanjuruhan Stadium,"reviewed, skipped — no usable candidate found"
Indonesia,Manado,manado,7,Pasar Bersehati,missing — no photo at all
Indonesia,Manado,manado,9,Manado Town Square (Mantos),missing — no photo at all
Indonesia,Mataram,mataram,9,Sekarbela Pearl District,missing — no photo at all
Iran,Kermanshah,kermanshah,3,Emad od-Dowleh Mosque,missing — no photo at all
Iran,Kermanshah,kermanshah,8,Dowlatshah Mosque,"reviewed, skipped — no usable candidate found"
Iraq,Karbala,karbala,4,Khaymagah (Camp of Imam Husayn),missing — no photo at all
Iraq,Karbala,karbala,7,Karbala Old City Souks,missing — no photo at all
Israel,Eilat,eilat,8,Eilat Birdwatching Park (IBRCE),missing — no photo at all
Italy,Cortina d'Ampezzo,cortina-d-ampezzo,0,Tofana di Mezzo and the Freccia nel Cielo cable car,missing — no photo at all
Italy,Cortina d'Ampezzo,cortina-d-ampezzo,5,Lagazuoi and its WWI tunnels,missing — no photo at all
Italy,Positano,positano,6,MAR Positano (Roman Archaeological Museum),missing — no photo at all
Italy,Positano,positano,9,Arienzo Beach,missing — no photo at all
Jamaica,Kingston,kingston,7,Trench Town Culture Yard,missing — no photo at all
Jamaica,Montego Bay,montego-bay,5,Cinnamon Hill Great House,missing — no photo at all
Jamaica,Montego Bay,montego-bay,7,Rocklands Bird Sanctuary,missing — no photo at all
Japan,Aomori,aomori,8,Auga Fish Market,missing — no photo at all
Japan,Hirosaki,hirosaki,9,Nakacho Samurai District (Ishiba Residence),missing — no photo at all
Japan,Kurashiki,kurashiki,6,Japan Rural Toy Museum,missing — no photo at all
Japan,Kusatsu,kusatsu,5,Gozanoyu Bathhouse,missing — no photo at all
Japan,Kusatsu,kusatsu,9,Nishinokawara Park,missing — no photo at all
Japan,Otaru,otaru,8,Otaru Sushiya-dori (Sushi Street),missing — no photo at all
Jordan,Aqaba,aqaba,5,Cedar Pride Shipwreck,missing — no photo at all
Jordan,Aqaba,aqaba,9,Aqaba Bird Observatory,missing — no photo at all
Kenya,Lamu,lamu,7,German Post Office Museum,missing — no photo at all
Kenya,Lamu,lamu,9,Harambee Avenue,missing — no photo at all
Kenya,Malindi,malindi,8,Falconry of Kenya,missing — no photo at all
Kenya,Malindi,malindi,9,Silversand Beach,missing — no photo at all
Kenya,Nakuru,nakuru,8,Soysambu Conservancy,missing — no photo at all
Kenya,Nakuru,nakuru,9,Nakuru Town Curio and Maasai Market,missing — no photo at all
Kuwait,Al Ahmadi,al-ahmadi,0,Ahmadi Garden (Al Ahmadi Public Garden),missing — no photo at all
Kuwait,Al Ahmadi,al-ahmadi,1,Ahmad Al-Jaber Oil and Gas Exhibition,missing — no photo at all
Kuwait,Al Ahmadi,al-ahmadi,3,Ahmadi Township Heritage District,missing — no photo at all
Kuwait,Al Ahmadi,al-ahmadi,5,Al Kout Mall and Waterfront,missing — no photo at all
Kuwait,Al Ahmadi,al-ahmadi,7,Ahmadi Stadium,"wrong subject — photo is Jaber Al-Ahmad Intl Stadium, a different venue"
Kuwait,Al Ahmadi,al-ahmadi,8,Sahara Kuwait Resort and Golf Club,missing — no photo at all
Kuwait,Kuwait City,kuwait-city,0,Kuwait Towers,missing — no photo at all
Kuwait,Kuwait City,kuwait-city,1,Grand Mosque of Kuwait,missing — no photo at all
Kuwait,Kuwait City,kuwait-city,2,Liberation Tower,missing — no photo at all
Kuwait,Kuwait City,kuwait-city,3,Al Hamra Tower,missing — no photo at all
Kuwait,Kuwait City,kuwait-city,4,Al Shaheed Park,missing — no photo at all
Kuwait,Kuwait City,kuwait-city,5,Kuwait National Museum,missing — no photo at all
Kuwait,Kuwait City,kuwait-city,6,Tareq Rajab Museum,missing — no photo at all
Kuwait,Kuwait City,kuwait-city,7,Sadu House,missing — no photo at all
Kuwait,Kuwait City,kuwait-city,8,Souq Al-Mubarakiya,missing — no photo at all
Kuwait,Kuwait City,kuwait-city,9,Kuwait National Assembly Building,missing — no photo at all
Kyrgyzstan,Bishkek,bishkek,1,Manas Statue and State Flag,missing — no photo at all
Kyrgyzstan,Karakol,karakol,1,Holy Trinity Orthodox Cathedral,missing — no photo at all
Kyrgyzstan,Karakol,karakol,9,Karakol Ski Base,missing — no photo at all
Laos,Luang Prabang,luang-prabang,7,Traditional Arts and Ethnology Centre (TAEC),missing — no photo at all
Laos,Luang Prabang,luang-prabang,9,Ban Chan Pottery Village,missing — no photo at all
Laos,Vientiane,vientiane,9,COPE Visitor Centre,missing — no photo at all
Lesotho,Maseru,maseru,1,Royal Palace of Lesotho,missing — no photo at all
Lesotho,Maseru,maseru,7,Lancer's Gap,missing — no photo at all
Lesotho,Maseru,maseru,8,Maseru Club,missing — no photo at all
Liberia,Monrovia,monrovia,2,Centennial Pavilion,missing — no photo at all
Lithuania,Klaipėda,klaipeda,6,Black Ghost Sculpture (Juodasis Vaiduoklis),missing — no photo at all
Madagascar,Morondava,morondava,3,Nosy Kely Beach,missing — no photo at all
Madagascar,Morondava,morondava,6,Sacred Baobab of Mahabo,missing — no photo at all
Madagascar,Morondava,morondava,7,Kimony Beach,missing — no photo at all
Madagascar,Morondava,morondava,8,Marofandilia Craft Village,missing — no photo at all
Madagascar,Morondava,morondava,9,Morondava Mangroves and River Delta,missing — no photo at all
Malawi,Blantyre,blantyre,3,Michiru Mountain Nature Sanctuary,missing — no photo at all
Malawi,Blantyre,blantyre,7,Jacaranda Cultural Centre,missing — no photo at all
Malawi,Blantyre,blantyre,8,Blantyre Crafts Market (Pa Ziboli-boli),missing — no photo at all
Malawi,Blantyre,blantyre,9,Njamba Freedom Park,missing — no photo at all
Malawi,Lilongwe,lilongwe,6,Lilongwe Golf Club,missing — no photo at all
Malawi,Lilongwe,lilongwe,9,Kamuzu Institute for Sports,missing — no photo at all
Malaysia,Johor Bahru,johor-bahru,9,Hutan Bandar Recreational Park (City Forest),missing — no photo at all
Maldives,Malé,male,7,Muleeaage Palace,missing — no photo at all
Mali,Bamako,bamako,7,Point G Hill,missing — no photo at all
Mali,Timbuktu,timbuktu,7,Well of Old Bouctou,missing — no photo at all
Mali,Timbuktu,timbuktu,8,Flame of Peace Monument,missing — no photo at all
Mali,Timbuktu,timbuktu,9,Grand Marché and Saharan Dunes,missing — no photo at all
Marshall Islands,Majuro,majuro,2,WWII Japanese Bunkers and Relics,missing — no photo at all
Marshall Islands,Majuro,majuro,5,Uliga District Waterfront,missing — no photo at all
Marshall Islands,Majuro,majuro,7,Rita Point,missing — no photo at all
Marshall Islands,Majuro,majuro,9,Assumption of Mary Catholic Church,missing — no photo at all
Martinique,Fort-de-France,fort-de-france,9,Baie des Flamands Waterfront (Malecón),missing — no photo at all
Mayotte,Mamoudzou,mamoudzou,8,Coconi Botanical Garden (Jardin Botanique de Coconi),missing — no photo at all
Mexico,Ensenada,ensenada,8,Mirador El Ciprés (Chapultepec Hill),missing — no photo at all
Mexico,Ensenada,ensenada,9,Museo Caracol (Museo de Ciencias),missing — no photo at all
Mexico,Manzanillo,manzanillo,6,El Tortugario Ecological Center (Cuyutlán),missing — no photo at all
Mexico,Manzanillo,manzanillo,8,Iguanario de Archundia,missing — no photo at all
Mexico,Manzanillo,manzanillo,9,Península de Santiago viewpoints,missing — no photo at all
Mexico,Morelia,morelia,6,Mercado de Dulces y Artesanías,missing — no photo at all
Mexico,Playa del Carmen,playa-del-carmen,5,Cenote Chaak Tun,missing — no photo at all
Mexico,Playa del Carmen,playa-del-carmen,8,Punta Esmeralda,missing — no photo at all
Mexico,San Cristóbal de las Casas,san-cristobal-de-las-casas,9,El Arcotete Ecological Park,missing — no photo at all
Mongolia,Ulaanbaatar,ulaanbaatar,9,Beatles Square,missing — no photo at all
Montenegro,Kotor,kotor,0,Kotor Cathedral (St. Tryphon's Cathedral),missing — no photo at all
Montenegro,Kotor,kotor,1,Kotor City Walls and St. John's Fortress,missing — no photo at all
Montenegro,Kotor,kotor,2,Church of St. Luke,missing — no photo at all
Montenegro,Kotor,kotor,3,Square of the Arms (Trg od Oružja),missing — no photo at all
Montenegro,Kotor,kotor,4,Sea Gate (Vrata od Mora),missing — no photo at all
Montenegro,Kotor,kotor,5,Maritime Museum of Montenegro,missing — no photo at all
Montenegro,Kotor,kotor,6,Napoleon's Theatre,missing — no photo at all
Montenegro,Kotor,kotor,7,Cats Museum of Kotor,missing — no photo at all
Montenegro,Kotor,kotor,8,Church of St. Nicholas,missing — no photo at all
Montenegro,Kotor,kotor,9,Our Lady of the Rocks,missing — no photo at all
Montenegro,Podgorica,podgorica,6,St. George's Church and Gorica Hill,missing — no photo at all
Montenegro,Podgorica,podgorica,8,Niagara Falls on the Cijevna,missing — no photo at all
Montserrat,Brades,brades,3,Jack Boy Hill Viewpoint,missing — no photo at all
Montserrat,Brades,brades,6,Montserrat National Trust Botanic Garden,missing — no photo at all
Montserrat,Brades,brades,7,Oriole Walkway Trail (Centre Hills),"reviewed, skipped — no usable candidate found"
Montserrat,Brades,brades,8,Runaway Ghaut,missing — no photo at all
Morocco,Agadir,agadir,4,Musee du Patrimoine Amazigh (Amazigh Heritage Museum),missing — no photo at all
Morocco,Agadir,agadir,5,Vallee des Oiseaux,missing — no photo at all
Morocco,Agadir,agadir,7,La Medina d'Agadir (Medina Polizzi),missing — no photo at all
Morocco,Chefchaouen,chefchaouen,9,Bab el-Ain gate and Callejon El Asri,missing — no photo at all
Mozambique,Inhambane,inhambane,5,Provincial Museum of Inhambane,missing — no photo at all
Mozambique,Inhambane,inhambane,8,Ilha dos Porcos (Pig Island),missing — no photo at all
Mozambique,Pemba,pemba,1,Paquitequete Fishing Village,missing — no photo at all
Mozambique,Pemba,pemba,4,Artes Maconde Craft Cooperative,missing — no photo at all
Mozambique,Pemba,pemba,5,Chuiba Beach,missing — no photo at all
Mozambique,Pemba,pemba,9,Mercado Municipal de Pemba,missing — no photo at all
Nauru,Yaren,yaren,1,Command Ridge,missing — no photo at all
Nauru,Yaren,yaren,8,Nauru Secondary School War Memorial,missing — no photo at all
New Zealand,Taupo,taupo,8,AC Baths,missing — no photo at all
Nicaragua,León,leon,5,Museo Rubén Darío,missing — no photo at all
Nicaragua,León,leon,8,Museum of Traditions and Legends,missing — no photo at all
Nicaragua,Managua,managua,4,Árboles de la Vida (Trees of Life),missing — no photo at all
Niger,Agadez,agadez,2,Sultan's Palace,missing — no photo at all
Niger,Agadez,agadez,4,Maison de Heinrich Barth,missing — no photo at all
Niger,Agadez,agadez,6,Camel Market,missing — no photo at all
Nigeria,Ibadan,ibadan,6,Dugbe Market,missing — no photo at all
Nigeria,Ibadan,ibadan,7,Oyo State Museum of Natural History,missing — no photo at all
Nigeria,Ibadan,ibadan,9,Ibadan's Seven Hills Viewpoints,missing — no photo at all
Nigeria,Osogbo,osogbo,4,Nike Centre for Art and Culture,"reviewed, skipped — no usable candidate found"
Pakistan,Gilgit,gilgit,3,Chinar Bagh,missing — no photo at all
Pakistan,Mingora,mingora,8,Mingora Bazaar,missing — no photo at all
Palau,Koror,koror,0,Rock Islands Southern Lagoon,missing — no photo at all
Palau,Koror,koror,1,Jellyfish Lake,missing — no photo at all
Palau,Koror,koror,2,Blue Corner,missing — no photo at all
Palau,Koror,koror,3,German Channel,missing — no photo at all
Palau,Koror,koror,4,Milky Way,missing — no photo at all
Palau,Koror,koror,5,Belau National Museum,missing — no photo at all
Palau,Koror,koror,6,Etpison Museum,missing — no photo at all
Palau,Koror,koror,7,Palau International Coral Reef Center,missing — no photo at all
Palau,Koror,koror,8,Koror-Babeldaob Bridge,missing — no photo at all
Palau,Koror,koror,9,Peleliu Battlefield,missing — no photo at all
Palestine,Hebron,hebron,6,Ramat al-Khalil (Ancient Mamre),missing — no photo at all
Palestine,Nablus,nablus,7,Hammam al-Shifa,missing — no photo at all
Papua New Guinea,Port Moresby,port-moresby,9,Loloata Island,missing — no photo at all
Paraguay,Asunción,asuncion,7,Antigua Estación Central del Ferrocarril,missing — no photo at all
Paraguay,Encarnación,encarnacion,3,Sambodromo de Encarnación,missing — no photo at all
Peru,Ica,ica,5,Bodega Tacama,missing — no photo at all
Peru,Iquitos,iquitos,5,Amazon Rescue Center (CREA),missing — no photo at all
Peru,Trujillo,trujillo,8,Museo de Arqueología de la Universidad de Trujillo,missing — no photo at all
Philippines,Boracay,boracay,7,Ariel's Point,missing — no photo at all
Philippines,Coron,coron,3,Mount Tapyas viewpoint,missing — no photo at all
Philippines,Coron,coron,4,Coron Island (Calis) limestone cliffs,missing — no photo at all
Philippines,Davao,davao,7,Bankerohan Public Market,missing — no photo at all
Philippines,Legaspi,legaspi,8,Japanese Tunnel (Legazpi),missing — no photo at all
Philippines,Panglao,panglao,7,Napaling Point,missing — no photo at all
Philippines,Siargao,siargao,3,Daku Island,missing — no photo at all
Philippines,Siargao,siargao,7,Sohoton Cove (Bucas Grande),missing — no photo at all
Philippines,Siargao,siargao,8,Coconut Mountain View Deck,missing — no photo at all
Philippines,Siargao,siargao,9,Pacifico Beach,missing — no photo at all
Philippines,Vigan,vigan,8,Baluarte ni Chavit Singson,missing — no photo at all
Philippines,Vigan,vigan,9,Hidden Garden,missing — no photo at all
Portugal,Coimbra,coimbra,9,Rua Ferreira Borges and the Baixa,missing — no photo at all
Romania,Constanța,constanta,2,National History and Archaeology Museum and Ovid Square,missing — no photo at all
Romania,Constanța,constanta,6,Old Town peninsula and seafront promenade,missing — no photo at all
Romania,Constanța,constanta,9,Constanța Dolphinarium,missing — no photo at all
Russia,Sergiyev Posad,sergiyev-posad,7,Blinnaya Gora (Pancake Hill) Viewpoint,missing — no photo at all
Russia,Vladimir,vladimir,9,"Trinity Church (Crystal, Lacquer Miniatures and Embroidery Museum)",missing — no photo at all
Rwanda,Cyangugu,cyangugu,2,Rusizi River Border and Bridge,missing — no photo at all
Rwanda,Cyangugu,cyangugu,3,Gihaya Island,missing — no photo at all
Rwanda,Cyangugu,cyangugu,7,Kumbya Peninsula,missing — no photo at all
Rwanda,Cyangugu,cyangugu,8,Mibirizi Catholic Church,missing — no photo at all
Rwanda,Gisenyi,gisenyi,2,Nyamyumba Hot Springs,missing — no photo at all
Rwanda,Gisenyi,gisenyi,3,Congo Nile Trail (Northern Trailhead),missing — no photo at all
Rwanda,Gisenyi,gisenyi,5,Imbabazi Gardens (Rosamond Carr's Mugongo),missing — no photo at all
Rwanda,Gisenyi,gisenyi,6,Pfunda Tea Estate,missing — no photo at all
Rwanda,Gisenyi,gisenyi,8,Gisenyi Central Market,missing — no photo at all
Rwanda,Kigali,kigali,9,Caplaki Craft Village,missing — no photo at all
Saint Pierre and Miquelon,Saint-Pierre,saint-pierre,9,Quai de la République Waterfront,missing — no photo at all
Saint-Martin,Marigot,marigot,3,Rue de la République,missing — no photo at all
Saint-Martin,Marigot,marigot,5,Loterie Farm,missing — no photo at all
Saint-Martin,Marigot,marigot,7,Friar's Bay Beach,missing — no photo at all
Saudi Arabia,Abha,abha,8,Abha High City,missing — no photo at all
Saudi Arabia,Abha,abha,9,Souq Al Thulatha (Tuesday Market),missing — no photo at all
Saudi Arabia,Jeddah,jeddah,4,Jeddah Sculpture Museum (Open-Air),missing — no photo at all
Saudi Arabia,Riyadh,riyadh,8,Al Bujairi Heritage Park,missing — no photo at all
Saudi Arabia,Riyadh,riyadh,9,Riyadh Zoo,"reviewed, skipped — no usable candidate found"
Saudi Arabia,Ta'if,ta-if,6,Al Rudaf Park,missing — no photo at all
Saudi Arabia,Ta'if,ta-if,7,Saiysad National Park,missing — no photo at all
Saudi Arabia,Ta'if,ta-if,8,Old Ta'if Souq (Souq Al Balad),missing — no photo at all
Saudi Arabia,Ta'if,ta-if,9,Al Kar Tourist Village,missing — no photo at all
Senegal,Saint-Louis,saint-louis,7,Musée de la Photographie (MuPho),missing — no photo at all
Senegal,Saint-Louis,saint-louis,9,Quai Roume Market,missing — no photo at all
Senegal,Ziguinchor,ziguinchor,1,Marché Saint-Maur-des-Fossés,missing — no photo at all
Senegal,Ziguinchor,ziguinchor,7,Place Jean-Paul II,"reviewed, skipped — no usable candidate found"
Senegal,Ziguinchor,ziguinchor,9,Boulevard du Général de Gaulle,missing — no photo at all
Seychelles,Victoria,victoria,9,Bicentennial Monument (Twa Zwazo),missing — no photo at all
Sierra Leone,Freetown,freetown,8,King Jimmy Market,missing — no photo at all
Sierra Leone,Freetown,freetown,9,Big Market,missing — no photo at all
Sint Maarten,Philipsburg,philipsburg,7,Rainforest Adventures Rockland Estate,missing — no photo at all
Slovakia,Poprad,poprad,9,Evangelical Church of the Holy Spirit,missing — no photo at all
Solomon Islands,Honiara,honiara,8,Betikama War Relics Museum,missing — no photo at all
South Africa,Nelspruit,nelspruit,5,Nelspruit Nature Reserve,missing — no photo at all
South Africa,Nelspruit,nelspruit,7,I'langa Mall,missing — no photo at all
South Africa,Plettenberg Bay,plettenberg-bay,8,Kranshoek Viewpoint,missing — no photo at all
South Africa,Plettenberg Bay,plettenberg-bay,9,Tenikwa Wildlife Awareness Centre,missing — no photo at all
South Africa,Port Elizabeth,port-elizabeth,8,Sardinia Bay,missing — no photo at all
South Korea,Jeonju,jeonju,9,Wansan Park,missing — no photo at all
South Sudan,Juba,juba,4,All Saints Cathedral,missing — no photo at all
South Sudan,Juba,juba,6,University of Juba,licence blocked — replacement was CC BY-NC-SA — NonCommercial
South Sudan,Juba,juba,7,Konyo Konyo Market,missing — no photo at all
South Sudan,Juba,juba,8,Nyakuron Cultural Centre,missing — no photo at all
South Sudan,Juba,juba,9,Custom Market,missing — no photo at all
Spain,Zaragoza,zaragoza,6,Goya Museum,"reviewed, skipped — no usable candidate found"
Sri Lanka,Bentota,bentota,3,Bentota River Safari,missing — no photo at all
Sri Lanka,Bentota,bentota,7,Galapata Raja Maha Viharaya,missing — no photo at all
Sri Lanka,Bentota,bentota,8,Paradise Island Sandbar (Aluthgama),missing — no photo at all
Sri Lanka,Galle,galle,5,Flag Rock Bastion,missing — no photo at all
Sri Lanka,Negombo,negombo,8,Duwa Fishing Village,missing — no photo at all
Sri Lanka,Trincomalee,trincomalee,9,Trincomalee Harbour,"reviewed, skipped — no usable candidate found"
St. Kitts and Nevis,Basseterre,basseterre,9,Timothy Hill Overlook,missing — no photo at all
Sudan,Port Sudan,port-sudan,1,Shaab Rumi Reef and Precontinent II,missing — no photo at all
Sudan,Port Sudan,port-sudan,4,Arous Village,missing — no photo at all
Sudan,Port Sudan,port-sudan,5,Towartit Reefs,missing — no photo at all
Sudan,Port Sudan,port-sudan,7,Red Sea Museum,"reviewed, skipped — no usable candidate found"
Tanzania,Arusha,arusha,3,Maasai Market (Curio Market),missing — no photo at all
Tanzania,Arusha,arusha,8,The Tanzanite Experience Museum,missing — no photo at all
Tanzania,Moshi,moshi,2,Materuni Coffee Tour,missing — no photo at all
Tanzania,Moshi,moshi,7,Rau Forest Reserve,missing — no photo at all
Tanzania,Moshi,moshi,9,Kilasiya Waterfall,missing — no photo at all
Thailand,Hua Hin,hua-hin,4,Maruekhathaiyawan Palace (Palace of Love and Hope),missing — no photo at all
Thailand,Ko Samui,ko-samui,9,Lad Koh Viewpoint,missing — no photo at all
Thailand,Nakhon Ratchasima,nakhon-ratchasima,5,Sai Ngam Banyan Grove,missing — no photo at all
Thailand,Nakhon Ratchasima,nakhon-ratchasima,8,Maha Wirawong National Museum,missing — no photo at all
Thailand,Nakhon Ratchasima,nakhon-ratchasima,9,Save One Night Market,missing — no photo at all
Thailand,Pai,pai,4,Tha Pai Hot Springs,missing — no photo at all
Thailand,Pai,pai,9,Pai Land Split,missing — no photo at all
Thailand,Pattaya-Chonburi,pattaya-chonburi,7,Art in Paradise Pattaya,"reviewed, skipped — no usable candidate found"
Thailand,Pattaya-Chonburi,pattaya-chonburi,9,Underwater World Pattaya,missing — no photo at all
Thailand,Phuket,phuket,9,Naka Weekend Market,missing — no photo at all
Togo,Lomé,lome,6,Lomé Grand Marché Textile District,missing — no photo at all
Togo,Lomé,lome,7,National Museum of Togo,missing — no photo at all
Togo,Lomé,lome,8,Wharf Français (Old Colonial Pier),missing — no photo at all
Togo,Lomé,lome,9,Lomé Central Station (Gare de Lomé),missing — no photo at all
Tonga,Nuku'alofa,nuku-alofa,8,International Dateline Marker,missing — no photo at all
Trinidad and Tobago,Port of Spain,port-of-spain,8,Lion House,"reviewed, skipped — no usable candidate found"
Tunisia,Monastir,monastir,7,Monastir Corniche and Plage de la Falaise,missing — no photo at all
Tunisia,Monastir,monastir,8,Museum of Islamic Art,missing — no photo at all
Tunisia,Sousse,sousse,7,Boujaffar Beach,missing — no photo at all
Tunisia,Tozeur,tozeur,3,Belvédère Rocks,missing — no photo at all
Tunisia,Tozeur,tozeur,5,Zoo du Sahara et Jardin du Paradis,missing — no photo at all
Tunisia,Tozeur,tozeur,6,El Ferdous Mosque,missing — no photo at all
Tunisia,Tozeur,tozeur,8,Central Market of Tozeur,missing — no photo at all
Turkey,Trabzon,trabzon,8,Bedesten Bazaar,missing — no photo at all
Turks and Caicos Islands,Cockburn Town,cockburn-town,1,Front Street and Duke Street historic district,missing — no photo at all
Turks and Caicos Islands,Cockburn Town,cockburn-town,3,Governor's Beach,missing — no photo at all
Turks and Caicos Islands,Cockburn Town,cockburn-town,4,Columbus Landfall National Park,missing — no photo at all
Turks and Caicos Islands,Cockburn Town,cockburn-town,5,Her Majesty's Prison,missing — no photo at all
Turks and Caicos Islands,Cockburn Town,cockburn-town,7,Gibbs Cay,missing — no photo at all
Turks and Caicos Islands,Cockburn Town,cockburn-town,9,Pillory Beach,missing — no photo at all
Tuvalu,Funafuti,funafuti,2,Tuvalu Philatelic Bureau,"reviewed, skipped — no usable candidate found"
Tuvalu,Funafuti,funafuti,8,Tuvalu National Library and Archives,missing — no photo at all
Türkiye,Alanya,alanya,4,Tersane (Seljuk Shipyard),missing — no photo at all
Türkiye,Alanya,alanya,9,Alanya Harbour and Lovers' Cave Boat Tours,missing — no photo at all
Türkiye,Denizli,denizli,4,Denizli Teleferik and Bağbaşı Plateau,missing — no photo at all
Türkiye,Denizli,denizli,8,Kaleiçi Bazaar,missing — no photo at all
Türkiye,Gaziantep,gaziantep,6,Emine Göğüş Culinary Museum,missing — no photo at all
Türkiye,Kayseri,kayseri,5,Kayseri Covered Bazaar and Vezirhan,missing — no photo at all
Türkiye,Kuşadası,kusadasi,8,Kuşadası Grand Bazaar,missing — no photo at all
Türkiye,Kuşadası,kusadasi,9,Kordon Promenade,missing — no photo at all
Türkiye,Mardin,mardin,9,Revaklı Çarşı (Old Bazaar),missing — no photo at all
Türkiye,Marmaris,marmaris,1,Kaleiçi (Old Town),missing — no photo at all
Türkiye,Marmaris,marmaris,3,Uzunyalı Promenade (Long Beach),missing — no photo at all
Türkiye,Marmaris,marmaris,9,Marmaris Grand Bazaar,missing — no photo at all
Türkiye,Çeşme,cesme,4,Aya Yorgi Bay,missing — no photo at all
Türkiye,Şanlıurfa,sanliurfa,9,On Gözlü Köprü (Ten-Eyed Bridge),missing — no photo at all
United States,Anaheim,anaheim,7,Center Street Promenade,missing — no photo at all
United States,Reno,reno,4,Midtown District Murals,missing — no photo at all
United States,Scottsdale,scottsdale,5,The Wave (Scottsdale Waterfront),missing — no photo at all
Uzbekistan,Urganch,urganch,4,Museum of Contemporary Art of Uzbekistan,wrong subject — subject unverifiable
Uzbekistan,Urganch,urganch,5,Monument to the Twenty Komsomol Members,missing — no photo at all
Vanuatu,Port Vila,port-vila,8,Rentapao (Teouma) Blue Hole,missing — no photo at all
Vietnam,Hoi An,hoi-an,8,Tra Que Vegetable Village,missing — no photo at all
Vietnam,Hoi An,hoi-an,9,Thanh Ha Pottery Village,missing — no photo at all
Vietnam,Nha Trang,nha-trang,8,Thap Ba Hot Springs and Mud Baths,missing — no photo at all
Vietnam,Sa Pa,sa-pa,6,Thac Tinh Yeu (Love Waterfall),missing — no photo at all
Western Sahara,Laayoune,laayoune,0,Moulay Abdel Aziz Grand Mosque,missing — no photo at all
Western Sahara,Laayoune,laayoune,3,Colline aux Oiseaux,missing — no photo at all
Western Sahara,Laayoune,laayoune,5,Old Spanish Quarter (Colonial Lower Town),missing — no photo at all
Western Sahara,Laayoune,laayoune,6,Souk Djemal (camel market district),missing — no photo at all
Western Sahara,Laayoune,laayoune,7,Ensemble Artisanal (craft complex),missing — no photo at all
Western Sahara,Laayoune,laayoune,9,Souk ez-Zaj,missing — no photo at all
Zambia,Livingstone,livingstone,9,Batoka Gorge,missing — no photo at all
Zambia,Lusaka,lusaka,9,Kabwata Cultural Village,missing — no photo at all
Zimbabwe,Bulawayo,bulawayo,8,Mzilikazi Arts & Crafts Centre,missing — no photo at all
Zimbabwe,Harare,harare,6,Chapungu Sculpture Park,missing — no photo at all
Zimbabwe,Harare,harare,7,Domboshava Rocks,missing — no photo at all
