City,Slug,Landmark #,Landmark,Reason
Abha,abha,9,Abha High City,no photo for this landmark
Abha,abha,10,Souq Al Thulatha (Tuesday Market),no photo for this landmark
Abidjan,abidjan,10,Cocody Town Hall,no photo for this landmark
Agadez,agadez,3,Sultan's Palace,no photo for this landmark
Agadez,agadez,5,Maison de Heinrich Barth,no photo for this landmark
Agadez,agadez,7,Camel Market,no photo for this landmark
Agadir,agadir,5,Musee du Patrimoine Amazigh (Amazigh Heritage Museum),no photo for this landmark
Agadir,agadir,6,Vallee des Oiseaux,no photo for this landmark
Agadir,agadir,8,La Medina d'Agadir (Medina Polizzi),no photo for this landmark
Ahmedabad,ahmedabad,1,Sabarmati Ashram,city has no photo block
Ahmedabad,ahmedabad,2,Jama Mosque,city has no photo block
Ahmedabad,ahmedabad,3,Sidi Saiyyed Mosque,city has no photo block
Ahmedabad,ahmedabad,4,Bhadra Fort & Teen Darwaza,city has no photo block
Ahmedabad,ahmedabad,5,Kankaria Lake,city has no photo block
Ahmedabad,ahmedabad,6,Sabarmati Riverfront,city has no photo block
Ahmedabad,ahmedabad,7,Adalaj Stepwell,city has no photo block
Ahmedabad,ahmedabad,8,Hutheesing Jain Temple,city has no photo block
Ahmedabad,ahmedabad,9,Calico Museum of Textiles,city has no photo block
Ahmedabad,ahmedabad,10,Sarkhej Roza,city has no photo block
Al Ahmadi,al-ahmadi,1,Ahmadi Garden (Al Ahmadi Public Garden),no photo for this landmark
Al Ahmadi,al-ahmadi,2,Ahmad Al-Jaber Oil and Gas Exhibition,no photo for this landmark
Al Ahmadi,al-ahmadi,4,Ahmadi Township Heritage District,no photo for this landmark
Al Ahmadi,al-ahmadi,6,Al Kout Mall and Waterfront,no photo for this landmark
Al Ahmadi,al-ahmadi,9,Sahara Kuwait Resort and Golf Club,no photo for this landmark
Alanya,alanya,5,Tersane (Seljuk Shipyard),no photo for this landmark
Alanya,alanya,10,Alanya Harbour and Lovers' Cave Boat Tours,no photo for this landmark
Anaheim,anaheim,8,Center Street Promenade,no photo for this landmark
Anshun,anshun,5,Yunfeng Tunpu (Eight Villages),no photo for this landmark
Anshun,anshun,7,Anshun Batik Museum,no photo for this landmark
Anshun,anshun,8,Guanling National Geopark,no photo for this landmark
Anshun,anshun,9,Hongshan Lake,no photo for this landmark
Aomori,aomori,9,Auga Fish Market,no photo for this landmark
Aqaba,aqaba,6,Cedar Pride Shipwreck,no photo for this landmark
Aqaba,aqaba,10,Aqaba Bird Observatory,no photo for this landmark
Arusha,arusha,4,Maasai Market (Curio Market),no photo for this landmark
Arusha,arusha,9,The Tanzanite Experience Museum,no photo for this landmark
Asunción,asuncion,8,Antigua Estación Central del Ferrocarril,no photo for this landmark
Axum,axum,9,Axum Archaeological Museum,no photo for this landmark
Bahir Dar,bahir-dar,5,Bezawit Hill (Haile Selassie Palace Viewpoint),no photo for this landmark
Bahir Dar,bahir-dar,8,Tana Kirkos Island,no photo for this landmark
Bamako,bamako,8,Point G Hill,no photo for this landmark
Bamyan,bamyan,5,Dara-e Ajdahar (Dragon Valley),no photo for this landmark
Bamyan,bamyan,6,Kakrak Valley Buddha Niche,no photo for this landmark
Bamyan,bamyan,7,Foladi Valley Caves,no photo for this landmark
Bamyan,bamyan,9,Bamyan Cliff Monastic Caves,no photo for this landmark
Banda Aceh,banda-aceh,4,Lampulo Boat on the Roof,no photo for this landmark
Bandar Seri Begawan,bandar-seri-begawan,6,Brunei Museum,no photo for this landmark
Bangui,bangui,8,PK5 Central Mosque,no photo for this landmark
Bangui,bangui,9,Palais de la Renaissance (Presidential Palace),no photo for this landmark
Banjul,banjul,5,McCarthy Square,no photo for this landmark
Baracoa,baracoa,5,Yumurí Canyon,no photo for this landmark
Baracoa,baracoa,7,Castillo de Seboruco,no photo for this landmark
Baracoa,baracoa,9,Cueva del Paraíso (Museo Arqueológico),no photo for this landmark
Basseterre,basseterre,10,Timothy Hill Overlook,no photo for this landmark
Battambang,battambang,9,Battambang Provincial Museum,no photo for this landmark
Beihai,beihai,4,Crocodile Mountain Scenic Area,no photo for this landmark
Beihai,beihai,5,Guantouling National Forest Park,no photo for this landmark
Beihai,beihai,6,Jinhaiwan Mangrove Ecological Zone,no photo for this landmark
Beihai,beihai,7,Beihai Underwater World,no photo for this landmark
Beihai,beihai,8,Beibu Gulf Square,no photo for this landmark
Beihai,beihai,9,Haibin Park (Beihai Seaside Park),no photo for this landmark
Belize City,belize-city,8,Battlefield Park,no photo for this landmark
Belize City,belize-city,9,Image Factory Art Foundation,no photo for this landmark
Belize City,belize-city,10,Yarborough Cemetery,no photo for this landmark
Bentota,bentota,4,Bentota River Safari,no photo for this landmark
Bentota,bentota,8,Galapata Raja Maha Viharaya,no photo for this landmark
Bentota,bentota,9,Paradise Island Sandbar (Aluthgama),no photo for this landmark
Bishkek,bishkek,2,Manas Statue and State Flag,no photo for this landmark
Bissau,bissau,3,Bandim Market,no photo for this landmark
Bissau,bissau,8,Bissau Velho (Old Bissau) Waterfront,no photo for this landmark
Blantyre,blantyre,4,Michiru Mountain Nature Sanctuary,no photo for this landmark
Blantyre,blantyre,8,Jacaranda Cultural Centre,no photo for this landmark
Blantyre,blantyre,9,Blantyre Crafts Market (Pa Ziboli-boli),no photo for this landmark
Blantyre,blantyre,10,Njamba Freedom Park,no photo for this landmark
Boracay,boracay,8,Ariel's Point,no photo for this landmark
Brades,brades,4,Jack Boy Hill Viewpoint,no photo for this landmark
Brades,brades,7,Montserrat National Trust Botanic Garden,no photo for this landmark
Brades,brades,9,Runaway Ghaut,no photo for this landmark
Bulawayo,bulawayo,9,Mzilikazi Arts & Crafts Centre,no photo for this landmark
Cap-Haïtien,cap-haitien,4,Place d'Armes,no photo for this landmark
Cap-Haïtien,cap-haitien,8,Île-à-Rat (Amiga Island),no photo for this landmark
Cap-Haïtien,cap-haitien,10,Site des Ramiers,no photo for this landmark
Cape Coast,cape-coast,8,Assin Manso Ancestral Slave River Site,no photo for this landmark
Chaozhou,chaozhou,10,Phoenix Mountain (Fenghuang Shan) Tea Country,no photo for this landmark
Chefchaouen,chefchaouen,10,Bab el-Ain gate and Callejon El Asri,no photo for this landmark
Cockburn Town,cockburn-town,2,Front Street and Duke Street historic district,no photo for this landmark
Cockburn Town,cockburn-town,4,Governor's Beach,no photo for this landmark
Cockburn Town,cockburn-town,5,Columbus Landfall National Park,no photo for this landmark
Cockburn Town,cockburn-town,6,Her Majesty's Prison,no photo for this landmark
Cockburn Town,cockburn-town,8,Gibbs Cay,no photo for this landmark
Cockburn Town,cockburn-town,10,Pillory Beach,no photo for this landmark
Coimbra,coimbra,10,Rua Ferreira Borges and the Baixa,no photo for this landmark
Colmar,colmar,7,Koïfhus (Old Custom House),no photo for this landmark
Colmar,colmar,8,Quai de la Poissonnerie (Fishmonger's Quay),no photo for this landmark
Cologne,cologne,9,Rheinauhafen and the Kranhäuser (Crane Houses),no photo for this landmark
Cologne,cologne,10,4711 House of Fragrances (Glockengasse),no photo for this landmark
Conakry,conakry,6,Grand Marché Madina,no photo for this landmark
Conakry,conakry,8,Rogbané Beach,no photo for this landmark
Constantine,constantine,7,The Casbah and Souika old town,no photo for this landmark
Constantine,constantine,9,Mellah Slimane footbridge (Passerelle Perrégaux),no photo for this landmark
Constanța,constanta,3,National History and Archaeology Museum and Ovid Square,no photo for this landmark
Constanța,constanta,7,Old Town peninsula and seafront promenade,no photo for this landmark
Constanța,constanta,10,Constanța Dolphinarium,no photo for this landmark
Corfu,corfu,4,Vlacherna Monastery and Pontikonisi (Mouse Island),no photo for this landmark
Corfu,corfu,8,Kanoni viewpoint,no photo for this landmark
Coron,coron,4,Mount Tapyas viewpoint,no photo for this landmark
Coron,coron,5,Coron Island (Calis) limestone cliffs,no photo for this landmark
Cortina d'Ampezzo,cortina-d-ampezzo,1,Tofana di Mezzo and the Freccia nel Cielo cable car,no photo for this landmark
Cortina d'Ampezzo,cortina-d-ampezzo,6,Lagazuoi and its WWI tunnels,no photo for this landmark
Cotonou,cotonou,7,Cotonou Friendship Bridge (Pont du Novotel),no photo for this landmark
Cotonou,cotonou,9,Musée de la Fondation Zinsou Ouidah Route (Route des Esclaves gateway),no photo for this landmark
Cox's Bazar,cox-s-bazar,5,Aggmeda Khyang,no photo for this landmark
Cyangugu,cyangugu,3,Rusizi River Border and Bridge,no photo for this landmark
Cyangugu,cyangugu,4,Gihaya Island,no photo for this landmark
Cyangugu,cyangugu,8,Kumbya Peninsula,no photo for this landmark
Cyangugu,cyangugu,9,Mibirizi Catholic Church,no photo for this landmark
Davao,davao,8,Bankerohan Public Market,no photo for this landmark
Denizli,denizli,5,Denizli Teleferik and Bağbaşı Plateau,no photo for this landmark
Denizli,denizli,9,Kaleiçi Bazaar,no photo for this landmark
Djanet,djanet,6,Tin Merzouga Dune,no photo for this landmark
Djibouti City,djibouti-city,1,Hamoudi Mosque,city has no photo block
Djibouti City,djibouti-city,2,Djibouti Central Market,city has no photo block
Djibouti City,djibouti-city,3,Place Menelik,city has no photo block
Djibouti City,djibouti-city,4,Cathedral of Our Lady of the Good Shepherd,city has no photo block
Djibouti City,djibouti-city,5,People's Palace (Palais du Peuple),city has no photo block
Djibouti City,djibouti-city,6,Djibouti Museum,city has no photo block
Djibouti City,djibouti-city,7,Moucha Island,city has no photo block
Djibouti City,djibouti-city,8,Maskali Islands,city has no photo block
Djibouti City,djibouti-city,9,Lake Assal,city has no photo block
Djibouti City,djibouti-city,10,Arta Beach,city has no photo block
Eilat,eilat,9,Eilat Birdwatching Park (IBRCE),no photo for this landmark
Encarnación,encarnacion,4,Sambodromo de Encarnación,no photo for this landmark
Ensenada,ensenada,9,Mirador El Ciprés (Chapultepec Hill),no photo for this landmark
Ensenada,ensenada,10,Museo Caracol (Museo de Ciencias),no photo for this landmark
Enshi,enshi,4,Qingjiang River Cruise (Butterfly Cliff),no photo for this landmark
Enshi,enshi,6,Shiziguan Floating Bridge,no photo for this landmark
Enshi,enshi,9,Qingjiang Wind-Rain Bridge,no photo for this landmark
Enshi,enshi,10,Yumu Village (Yumuzhai),no photo for this landmark
Fenghuang,fenghuang,5,North Gate Tower (Bei Men),no photo for this landmark
Fenghuang,fenghuang,8,Longevity Palace (Wanshou Gong),no photo for this landmark
Fenghuang,fenghuang,9,Yang Family Ancestral Hall,no photo for this landmark
Flores,flores,7,Jorge's Rope Swing,no photo for this landmark
Flores,flores,8,ARCAS Wildlife Rescue Center,no photo for this landmark
Flores,flores,9,Parque Natural Ixpanpajul,no photo for this landmark
Fort-de-France,fort-de-france,10,Baie des Flamands Waterfront (Malecón),no photo for this landmark
Foz do Iguaçu,foz-do-iguacu,9,Refúgio Biológico Bela Vista,no photo for this landmark
Freetown,freetown,9,King Jimmy Market,no photo for this landmark
Freetown,freetown,10,Big Market,no photo for this landmark
Funafuti,funafuti,9,Tuvalu National Library and Archives,no photo for this landmark
Galle,galle,6,Flag Rock Bastion,no photo for this landmark
Gaziantep,gaziantep,7,Emine Göğüş Culinary Museum,no photo for this landmark
Gilgit,gilgit,4,Chinar Bagh,no photo for this landmark
Gisenyi,gisenyi,3,Nyamyumba Hot Springs,no photo for this landmark
Gisenyi,gisenyi,4,Congo Nile Trail (Northern Trailhead),no photo for this landmark
Gisenyi,gisenyi,6,Imbabazi Gardens (Rosamond Carr's Mugongo),no photo for this landmark
Gisenyi,gisenyi,7,Pfunda Tea Estate,no photo for this landmark
Gisenyi,gisenyi,9,Gisenyi Central Market,no photo for this landmark
Goma,goma,9,Virunga Market and Birere District,no photo for this landmark
Goma,goma,10,Grande Barrière Border Crossing,no photo for this landmark
Gondar,gondar,6,Ras Gimb Palace Museum,no photo for this landmark
Guarujá,guaruja,10,Mirante da Campina (Campina Hill Lookout),no photo for this landmark
Hamilton,hamilton,4,Bermuda Underwater Exploration Institute (BUEI),no photo for this landmark
Hamilton,hamilton,9,Albuoy's Point and the Birdcage,no photo for this landmark
Harar,harar,10,Mekina Girgir (Sewing Machine Street),no photo for this landmark
Harare,harare,7,Chapungu Sculpture Park,no photo for this landmark
Harare,harare,8,Domboshava Rocks,no photo for this landmark
Harbin,harbin,9,Volga Manor,no photo for this landmark
Hebron,hebron,7,Ramat al-Khalil (Ancient Mamre),no photo for this landmark
Heraklion,heraklion,10,Central Market on 1866 Street,no photo for this landmark
Hirosaki,hirosaki,10,Nakacho Samurai District (Ishiba Residence),no photo for this landmark
Hoi An,hoi-an,9,Tra Que Vegetable Village,no photo for this landmark
Hoi An,hoi-an,10,Thanh Ha Pottery Village,no photo for this landmark
Honiara,honiara,9,Betikama War Relics Museum,no photo for this landmark
Hua Hin,hua-hin,5,Maruekhathaiyawan Palace (Palace of Love and Hope),no photo for this landmark
Hurghada,hurghada,4,El Dahar Old Town and Bazaar,no photo for this landmark
Hurghada,hurghada,9,Dolphin House Reef (Sha'ab El Erg),no photo for this landmark
Hurghada,hurghada,10,Eastern Desert Bedouin villages and dunes,no photo for this landmark
Ibadan,ibadan,7,Dugbe Market,no photo for this landmark
Ibadan,ibadan,8,Oyo State Museum of Natural History,no photo for this landmark
Ibadan,ibadan,10,Ibadan's Seven Hills Viewpoints,no photo for this landmark
Ica,ica,6,Bodega Tacama,no photo for this landmark
Inhambane,inhambane,6,Provincial Museum of Inhambane,no photo for this landmark
Inhambane,inhambane,9,Ilha dos Porcos (Pig Island),no photo for this landmark
Iquitos,iquitos,6,Amazon Rescue Center (CREA),no photo for this landmark
Jeddah,jeddah,5,Jeddah Sculpture Museum (Open-Air),no photo for this landmark
Jeonju,jeonju,10,Wansan Park,no photo for this landmark
Jianshui,jianshui,10,Zitao Street (Purple Pottery Street),no photo for this landmark
Jingdezhen,jingdezhen,6,Sanbao Ceramic Art Village,no photo for this landmark
Jingdezhen,jingdezhen,9,Taoyangli Historic District,no photo for this landmark
Johor Bahru,johor-bahru,10,Hutan Bandar Recreational Park (City Forest),no photo for this landmark
Juba,juba,5,All Saints Cathedral,no photo for this landmark
Juba,juba,8,Konyo Konyo Market,no photo for this landmark
Juba,juba,9,Nyakuron Cultural Centre,no photo for this landmark
Juba,juba,10,Custom Market,no photo for this landmark
Kalamata,kalamata,8,Monastery of Kalograion (Nuns' Monastery),no photo for this landmark
Kalamata,kalamata,10,Kalamata Costume Museum (Benaki Museum Annex),no photo for this landmark
Kangding,kangding,8,Erdaoqiao Hot Springs,no photo for this landmark
Kangding,kangding,9,Kangding Old Town and Zheduo River Squares,no photo for this landmark
Karakol,karakol,2,Holy Trinity Orthodox Cathedral,no photo for this landmark
Karakol,karakol,10,Karakol Ski Base,no photo for this landmark
Karbala,karbala,5,Khaymagah (Camp of Imam Husayn),no photo for this landmark
Karbala,karbala,8,Karbala Old City Souks,no photo for this landmark
Kashgar,kashgar,8,Mor Pagoda (Mo'er Buddhist Stupa),no photo for this landmark
Kayseri,kayseri,6,Kayseri Covered Bazaar and Vezirhan,no photo for this landmark
Kermanshah,kermanshah,4,Emad od-Dowleh Mosque,no photo for this landmark
Kigali,kigali,10,Caplaki Craft Village,no photo for this landmark
Kingston,kingston,8,Trench Town Culture Yard,no photo for this landmark
Klaipėda,klaipeda,7,Black Ghost Sculpture (Juodasis Vaiduoklis),no photo for this landmark
Ko Samui,ko-samui,10,Lad Koh Viewpoint,no photo for this landmark
Koror,koror,1,Rock Islands Southern Lagoon,city has no photo block
Koror,koror,2,Jellyfish Lake,city has no photo block
Koror,koror,3,Blue Corner,city has no photo block
Koror,koror,4,German Channel,city has no photo block
Koror,koror,5,Milky Way,city has no photo block
Koror,koror,6,Belau National Museum,city has no photo block
Koror,koror,7,Etpison Museum,city has no photo block
Koror,koror,8,Palau International Coral Reef Center,city has no photo block
Koror,koror,9,Koror-Babeldaob Bridge,city has no photo block
Koror,koror,10,Peleliu Battlefield,city has no photo block
Kotor,kotor,1,Kotor Cathedral (St. Tryphon's Cathedral),city has no photo block
Kotor,kotor,2,Kotor City Walls and St. John's Fortress,city has no photo block
Kotor,kotor,3,Church of St. Luke,city has no photo block
Kotor,kotor,4,Square of the Arms (Trg od Oružja),city has no photo block
Kotor,kotor,5,Sea Gate (Vrata od Mora),city has no photo block
Kotor,kotor,6,Maritime Museum of Montenegro,city has no photo block
Kotor,kotor,7,Napoleon's Theatre,city has no photo block
Kotor,kotor,8,Cats Museum of Kotor,city has no photo block
Kotor,kotor,9,Church of St. Nicholas,city has no photo block
Kotor,kotor,10,Our Lady of the Rocks,city has no photo block
Kralendijk,kralendijk,9,Terramar Museum,no photo for this landmark
Kumasi,kumasi,4,Prempeh II Jubilee Museum,no photo for this landmark
Kurashiki,kurashiki,7,Japan Rural Toy Museum,no photo for this landmark
Kusatsu,kusatsu,6,Gozanoyu Bathhouse,no photo for this landmark
Kusatsu,kusatsu,10,Nishinokawara Park,no photo for this landmark
Kuwait City,kuwait-city,1,Kuwait Towers,city has no photo block
Kuwait City,kuwait-city,2,Grand Mosque of Kuwait,city has no photo block
Kuwait City,kuwait-city,3,Liberation Tower,city has no photo block
Kuwait City,kuwait-city,4,Al Hamra Tower,city has no photo block
Kuwait City,kuwait-city,5,Al Shaheed Park,city has no photo block
Kuwait City,kuwait-city,6,Kuwait National Museum,city has no photo block
Kuwait City,kuwait-city,7,Tareq Rajab Museum,city has no photo block
Kuwait City,kuwait-city,8,Sadu House,city has no photo block
Kuwait City,kuwait-city,9,Souq Al-Mubarakiya,city has no photo block
Kuwait City,kuwait-city,10,Kuwait National Assembly Building,city has no photo block
Kuşadası,kusadasi,9,Kuşadası Grand Bazaar,no photo for this landmark
Kuşadası,kusadasi,10,Kordon Promenade,no photo for this landmark
La Ceiba,la-ceiba,3,Cuero y Salado Wildlife Refuge,no photo for this landmark
La Ceiba,la-ceiba,4,Catedral San Isidro and Parque Central,no photo for this landmark
La Ceiba,la-ceiba,6,Museum of Butterflies and Other Insects,no photo for this landmark
La Ceiba,la-ceiba,7,Parque Swinford,no photo for this landmark
La Ceiba,la-ceiba,9,Reynaldo Canales Tourist Pier,no photo for this landmark
La Ceiba,la-ceiba,10,Paseo de los Ceibeños,no photo for this landmark
La Romana,la-romana,5,Regional Museum of Archaeology (Altos de Chavón),no photo for this landmark
La Romana,la-romana,8,Dye Fore Golf Course,no photo for this landmark
La Romana,la-romana,10,Playa Minitas,no photo for this landmark
Laayoune,laayoune,1,Moulay Abdel Aziz Grand Mosque,no photo for this landmark
Laayoune,laayoune,4,Colline aux Oiseaux,no photo for this landmark
Laayoune,laayoune,6,Old Spanish Quarter (Colonial Lower Town),no photo for this landmark
Laayoune,laayoune,7,Souk Djemal (camel market district),no photo for this landmark
Laayoune,laayoune,8,Ensemble Artisanal (craft complex),no photo for this landmark
Laayoune,laayoune,10,Souk ez-Zaj,no photo for this landmark
Labuan Bajo,labuan-bajo,7,Cunca Wulang Waterfall,no photo for this landmark
Lalibela,lalibela,7,Asheton Maryam Monastery,no photo for this landmark
Lamu,lamu,8,German Post Office Museum,no photo for this landmark
Lamu,lamu,10,Harambee Avenue,no photo for this landmark
Le Gosier,le-gosier,9,Friday Night Market of Gosier,no photo for this landmark
Le Gosier,le-gosier,10,Étang du Mitan,no photo for this landmark
Legaspi,legaspi,9,Japanese Tunnel (Legazpi),no photo for this landmark
Leshan,leshan,3,Jiuqu Plank Road,no photo for this landmark
Leshan,leshan,8,Zhanggongqiao Food Street,no photo for this landmark
Leshan,leshan,10,Laoxiaoding,no photo for this landmark
Leticia,leticia,3,Mundo Amazónico Ethnobotanical Park,no photo for this landmark
Leticia,leticia,6,Catedral Nuestra Señora de la Paz,no photo for this landmark
Leticia,leticia,8,Acuarios Etuena,no photo for this landmark
Leticia,leticia,9,Yahuarcaca Lakes,no photo for this landmark
León,leon,6,Museo Rubén Darío,no photo for this landmark
León,leon,9,Museum of Traditions and Legends,no photo for this landmark
Liberia,liberia,6,Ponderosa Adventure Park,no photo for this landmark
Liberia,liberia,7,Museo de Sabanero,no photo for this landmark
Liberia,liberia,10,Casa de la Cultura de Liberia,no photo for this landmark
Libreville,libreville,1,Cathédrale Sainte-Marie,no photo for this landmark
Libreville,libreville,10,Akanda National Park,no photo for this landmark
Lijiang,lijiang,4,Wangu Tower on Lion Hill,no photo for this landmark
Lijiang,lijiang,9,Big Water Wheel,no photo for this landmark
Lilongwe,lilongwe,7,Lilongwe Golf Club,no photo for this landmark
Lilongwe,lilongwe,10,Kamuzu Institute for Sports,no photo for this landmark
Livingstone,livingstone,10,Batoka Gorge,no photo for this landmark
Lomé,lome,7,Lomé Grand Marché Textile District,no photo for this landmark
Lomé,lome,8,National Museum of Togo,no photo for this landmark
Lomé,lome,9,Wharf Français (Old Colonial Pier),no photo for this landmark
Lomé,lome,10,Lomé Central Station (Gare de Lomé),no photo for this landmark
Luang Prabang,luang-prabang,8,Traditional Arts and Ethnology Centre (TAEC),no photo for this landmark
Luang Prabang,luang-prabang,10,Ban Chan Pottery Village,no photo for this landmark
Luoyang,luoyang,4,Lijing Gate and Luoyang Old Town,no photo for this landmark
Lusaka,lusaka,10,Kabwata Cultural Village,no photo for this landmark
Maceió,maceio,5,Mirante da Sereia,no photo for this landmark
Magelang,magelang,9,OHD Museum,no photo for this landmark
Majuro,majuro,3,WWII Japanese Bunkers and Relics,no photo for this landmark
Majuro,majuro,6,Uliga District Waterfront,no photo for this landmark
Majuro,majuro,8,Rita Point,no photo for this landmark
Majuro,majuro,10,Assumption of Mary Catholic Church,no photo for this landmark
Makassar,makassar,8,Center Point of Indonesia (CPI),no photo for this landmark
Malabo,malabo,2,Plaza de la Independencia,no photo for this landmark
Malabo,malabo,5,Parque de la Amistad (Friendship Park),no photo for this landmark
Malabo,malabo,10,Luba (Concepción) Coastal Town,no photo for this landmark
Malindi,malindi,9,Falconry of Kenya,no photo for this landmark
Malindi,malindi,10,Silversand Beach,no photo for this landmark
Malé,male,8,Muleeaage Palace,no photo for this landmark
Mamoudzou,mamoudzou,9,Coconi Botanical Garden (Jardin Botanique de Coconi),no photo for this landmark
Manado,manado,8,Pasar Bersehati,no photo for this landmark
Manado,manado,10,Manado Town Square (Mantos),no photo for this landmark
Managua,managua,5,Árboles de la Vida (Trees of Life),no photo for this landmark
Manzanillo,manzanillo,7,El Tortugario Ecological Center (Cuyutlán),no photo for this landmark
Manzanillo,manzanillo,9,Iguanario de Archundia,no photo for this landmark
Manzanillo,manzanillo,10,Península de Santiago viewpoints,no photo for this landmark
Manzhouli,manzhouli,4,Mammoth Park (Zhalainuoer),no photo for this landmark
Mardin,mardin,10,Revaklı Çarşı (Old Bazaar),no photo for this landmark
Marigot,marigot,4,Rue de la République,no photo for this landmark
Marigot,marigot,6,Loterie Farm,no photo for this landmark
Marigot,marigot,8,Friar's Bay Beach,no photo for this landmark
Marmaris,marmaris,2,Kaleiçi (Old Town),no photo for this landmark
Marmaris,marmaris,4,Uzunyalı Promenade (Long Beach),no photo for this landmark
Marmaris,marmaris,10,Marmaris Grand Bazaar,no photo for this landmark
Marsa Alam,marsa-alam,5,Samadai Reef (Dolphin House),no photo for this landmark
Maseru,maseru,2,Royal Palace of Lesotho,no photo for this landmark
Maseru,maseru,8,Lancer's Gap,no photo for this landmark
Maseru,maseru,9,Maseru Club,no photo for this landmark
Mataram,mataram,10,Sekarbela Pearl District,no photo for this landmark
Maun,maun,3,Chief's Island,no photo for this landmark
Maun,maun,4,Nhabe Museum,no photo for this landmark
Maun,maun,5,Maun Educational Park,no photo for this landmark
Maun,maun,6,Old Matlapaneng Bridge,no photo for this landmark
Maun,maun,8,Motsana Cultural Centre,no photo for this landmark
Maun,maun,9,Maun Environmental Education Centre,no photo for this landmark
Maun,maun,10,Boro-bonche Ostrich Farm,no photo for this landmark
Mek'ele,mek-ele,3,Abraha Castle,no photo for this landmark
Mek'ele,mek-ele,5,Kedamay Weyane Market,no photo for this landmark
Mingora,mingora,9,Mingora Bazaar,no photo for this landmark
Monastir,monastir,8,Monastir Corniche and Plage de la Falaise,no photo for this landmark
Monastir,monastir,9,Museum of Islamic Art,no photo for this landmark
Monrovia,monrovia,3,Centennial Pavilion,no photo for this landmark
Montego Bay,montego-bay,6,Cinnamon Hill Great House,no photo for this landmark
Montego Bay,montego-bay,8,Rocklands Bird Sanctuary,no photo for this landmark
Morelia,morelia,7,Mercado de Dulces y Artesanías,no photo for this landmark
Morondava,morondava,4,Nosy Kely Beach,no photo for this landmark
Morondava,morondava,7,Sacred Baobab of Mahabo,no photo for this landmark
Morondava,morondava,8,Kimony Beach,no photo for this landmark
Morondava,morondava,9,Marofandilia Craft Village,no photo for this landmark
Morondava,morondava,10,Morondava Mangroves and River Delta,no photo for this landmark
Moroni,moroni,6,Palais du Peuple (Beit Salam),no photo for this landmark
Moroni,moroni,7,Itsandra Beach and Palace Ruins,no photo for this landmark
Moshi,moshi,3,Materuni Coffee Tour,no photo for this landmark
Moshi,moshi,8,Rau Forest Reserve,no photo for this landmark
Moshi,moshi,10,Kilasiya Waterfall,no photo for this landmark
Mytilene,mytilene,6,"Teriade Museum, Varia",no photo for this landmark
Mytilene,mytilene,9,Ermou Street and the Old Market,no photo for this landmark
Nablus,nablus,8,Hammam al-Shifa,no photo for this landmark
Nadi,nadi,8,Momi Battery Historical Park,no photo for this landmark
Nakhon Ratchasima,nakhon-ratchasima,6,Sai Ngam Banyan Grove,no photo for this landmark
Nakhon Ratchasima,nakhon-ratchasima,9,Maha Wirawong National Museum,no photo for this landmark
Nakhon Ratchasima,nakhon-ratchasima,10,Save One Night Market,no photo for this landmark
Nakuru,nakuru,9,Soysambu Conservancy,no photo for this landmark
Nakuru,nakuru,10,Nakuru Town Curio and Maasai Market,no photo for this landmark
Negombo,negombo,9,Duwa Fishing Village,no photo for this landmark
Nelspruit,nelspruit,6,Nelspruit Nature Reserve,no photo for this landmark
Nelspruit,nelspruit,8,I'langa Mall,no photo for this landmark
Nha Trang,nha-trang,9,Thap Ba Hot Springs and Mud Baths,no photo for this landmark
Nicosia,nicosia,1,Büyük Han,city has no photo block
Nicosia,nicosia,2,Selimiye Mosque,city has no photo block
Nicosia,nicosia,3,Famagusta Gate,city has no photo block
Nicosia,nicosia,4,Venetian Walls of Nicosia,city has no photo block
Nicosia,nicosia,5,Cyprus Museum,city has no photo block
Nicosia,nicosia,6,Ledra Street,city has no photo block
Nicosia,nicosia,7,Shacolas Tower Museum and Observatory,city has no photo block
Nicosia,nicosia,8,Liberty Monument,city has no photo block
Nicosia,nicosia,9,Archbishop's Palace,city has no photo block
Nicosia,nicosia,10,Hadjigeorgakis Kornesios Mansion,city has no photo block
Nuku'alofa,nuku-alofa,9,International Dateline Marker,no photo for this landmark
Nuuk,nuuk,10,Myggedalen Viewpoint,no photo for this landmark
Nîmes,nimes,10,Les Halles de Nîmes,no photo for this landmark
Otaru,otaru,9,Otaru Sushiya-dori (Sushi Street),no photo for this landmark
Ouagadougou,ouagadougou,8,Moro-Naba Palace,no photo for this landmark
Pai,pai,5,Tha Pai Hot Springs,no photo for this landmark
Pai,pai,10,Pai Land Split,no photo for this landmark
Panglao,panglao,8,Napaling Point,no photo for this landmark
Pattaya-Chonburi,pattaya-chonburi,10,Underwater World Pattaya,no photo for this landmark
Pemba,pemba,2,Paquitequete Fishing Village,no photo for this landmark
Pemba,pemba,5,Artes Maconde Craft Cooperative,no photo for this landmark
Pemba,pemba,6,Chuiba Beach,no photo for this landmark
Pemba,pemba,10,Mercado Municipal de Pemba,no photo for this landmark
Philipsburg,philipsburg,8,Rainforest Adventures Rockland Estate,no photo for this landmark
Phuket,phuket,10,Naka Weekend Market,no photo for this landmark
Playa del Carmen,playa-del-carmen,6,Cenote Chaak Tun,no photo for this landmark
Playa del Carmen,playa-del-carmen,9,Punta Esmeralda,no photo for this landmark
Plettenberg Bay,plettenberg-bay,9,Kranshoek Viewpoint,no photo for this landmark
Plettenberg Bay,plettenberg-bay,10,Tenikwa Wildlife Awareness Centre,no photo for this landmark
Podgorica,podgorica,7,St. George's Church and Gorica Hill,no photo for this landmark
Podgorica,podgorica,9,Niagara Falls on the Cijevna,no photo for this landmark
Poprad,poprad,10,Evangelical Church of the Holy Spirit,no photo for this landmark
Port Elizabeth,port-elizabeth,9,Sardinia Bay,no photo for this landmark
Port Moresby,port-moresby,10,Loloata Island,no photo for this landmark
Port Sudan,port-sudan,2,Shaab Rumi Reef and Precontinent II,no photo for this landmark
Port Sudan,port-sudan,5,Arous Village,no photo for this landmark
Port Sudan,port-sudan,6,Towartit Reefs,no photo for this landmark
Port Vila,port-vila,9,Rentapao (Teouma) Blue Hole,no photo for this landmark
Porto Seguro,porto-seguro,4,Memorial da Epopeia do Descobrimento,no photo for this landmark
Porto-Novo,porto-novo,10,Marché International d'Ouando,no photo for this landmark
Positano,positano,7,MAR Positano (Roman Archaeological Museum),no photo for this landmark
Positano,positano,10,Arienzo Beach,no photo for this landmark
Pucón,pucon,9,Salto El Claro,no photo for this landmark
Puerto Iguazú,puerto-iguazu,8,Jardín de los Picaflores,no photo for this landmark
Puerto Natales,puerto-natales,9,Estación de Ferrocarril de Puerto Natales,no photo for this landmark
Puerto Plata,puerto-plata,5,Museo del Ámbar,no photo for this landmark
Puerto Plata,puerto-plata,6,Parque Independencia,no photo for this landmark
Pula,pula,10,Aquarium Pula (Fort Verudela),no photo for this landmark
Punta Cana,punta-cana,7,Indigenous Eyes Ecological Park (Reserva Ecológica Ojos Indígenas),no photo for this landmark
Punta Cana,punta-cana,9,Marinarium,no photo for this landmark
Qinhuangdao,qinhuangdao,6,Pigeon Nest Park (Gezhenwo),no photo for this landmark
Qinhuangdao,qinhuangdao,7,Beidaihe Wetlands and Bird Sanctuary,no photo for this landmark
Qinhuangdao,qinhuangdao,9,Xin'ao Undersea World,no photo for this landmark
Qinhuangdao,qinhuangdao,10,Qinhuang Qiuxian Ruhai Chu (Emperor Qin's Departure Point),no photo for this landmark
Reno,reno,5,Midtown District Murals,no photo for this landmark
Riyadh,riyadh,9,Al Bujairi Heritage Park,no photo for this landmark
Road Town,road-town,2,J.R. O'Neal Botanic Gardens,no photo for this landmark
Road Town,road-town,6,Callwood Rum Distillery,no photo for this landmark
Road Town,road-town,7,Crafts Alive Village,no photo for this landmark
Road Town,road-town,9,1780 Lower Estate Sugar Works Museum,no photo for this landmark
Roseau,roseau,6,Champagne Reef,no photo for this landmark
Roseau,roseau,9,Titou Gorge,no photo for this landmark
Rovaniemi,rovaniemi,9,Arctic Circle Hiking Area and Vaattunkiköngäs,no photo for this landmark
Sa Pa,sa-pa,7,Thac Tinh Yeu (Love Waterfall),no photo for this landmark
Saint Martin's Island,saint-martin-s-island,2,West Beach,no photo for this landmark
Saint Martin's Island,saint-martin-s-island,3,Coral Beach (East Beach),no photo for this landmark
Saint Martin's Island,saint-martin-s-island,4,Shomudro Bilash (Humayun Ahmed's House),no photo for this landmark
Saint Martin's Island,saint-martin-s-island,9,Dakhinpara (Southern Village),no photo for this landmark
Saint-Louis,saint-louis,8,Musée de la Photographie (MuPho),no photo for this landmark
Saint-Louis,saint-louis,10,Quai Roume Market,no photo for this landmark
Saint-Pierre,saint-pierre,10,Quai de la République Waterfront,no photo for this landmark
San Andrés,san-andres,4,Spratt Bight Beach,no photo for this landmark
San Andrés,san-andres,10,Jardín Botánico de San Andrés,no photo for this landmark
San Cristóbal de las Casas,san-cristobal-de-las-casas,10,El Arcotete Ecological Park,no photo for this landmark
San Pedro Sula,san-pedro-sula,4,Mercado Guamilito,no photo for this landmark
San Pedro Sula,san-pedro-sula,9,Museo de la Naturaleza,no photo for this landmark
San Pedro Sula,san-pedro-sula,10,Cathedral viewpoint at El Merendón,no photo for this landmark
Santa Cruz de la Sierra,santa-cruz-de-la-sierra,8,Manzana Uno Espacio de Arte,no photo for this landmark
Scottsdale,scottsdale,6,The Wave (Scottsdale Waterfront),no photo for this landmark
Sergiyev Posad,sergiyev-posad,8,Blinnaya Gora (Pancake Hill) Viewpoint,no photo for this landmark
Shangri-La,shangri-la,7,Dabao Temple (Dabaosi),no photo for this landmark
Shangri-La,shangri-la,9,Gucheng Zangjingtang,no photo for this landmark
Shangri-La,shangri-la,10,Zhongxin Assembly Hall,no photo for this landmark
Sharm El Sheikh,sharm-el-sheikh,4,Old Market (Sharm El Maya),no photo for this landmark
Siargao,siargao,4,Daku Island,no photo for this landmark
Siargao,siargao,8,Sohoton Cove (Bucas Grande),no photo for this landmark
Siargao,siargao,9,Coconut Mountain View Deck,no photo for this landmark
Siargao,siargao,10,Pacifico Beach,no photo for this landmark
Sihanoukville,sihanoukville,4,Wat Leu (Upper Pagoda),no photo for this landmark
Sousse,sousse,8,Boujaffar Beach,no photo for this landmark
St. George's,st-george-s,5,Market Square,no photo for this landmark
Ta'if,ta-if,7,Al Rudaf Park,no photo for this landmark
Ta'if,ta-if,8,Saiysad National Park,no photo for this landmark
Ta'if,ta-if,9,Old Ta'if Souq (Souq Al Balad),no photo for this landmark
Ta'if,ta-if,10,Al Kar Tourist Village,no photo for this landmark
Tamanrasset,tamanrasset,9,Maison de l'Artisanat,no photo for this landmark
Taupo,taupo,9,AC Baths,no photo for this landmark
The Valley,the-valley,2,St. Gerard's Roman Catholic Church,no photo for this landmark
The Valley,the-valley,4,Old Valley Well and Historic Village,no photo for this landmark
The Valley,the-valley,5,Ebenezer Methodist Church,no photo for this landmark
The Valley,the-valley,6,Fountain Cavern National Park,no photo for this landmark
The Valley,the-valley,8,Crocus Bay and Little Bay,no photo for this landmark
The Valley,the-valley,9,Big Spring Heritage Site (Island Harbour),no photo for this landmark
Timbuktu,timbuktu,8,Well of Old Bouctou,no photo for this landmark
Timbuktu,timbuktu,9,Flame of Peace Monument,no photo for this landmark
Timbuktu,timbuktu,10,Grand Marché and Saharan Dunes,no photo for this landmark
Timimoun,timimoun,2,Porte du Soudan (Sudan Gate),no photo for this landmark
Timimoun,timimoun,3,Hôtel de l'Oasis Rouge,no photo for this landmark
Timimoun,timimoun,7,Ksar Ouled Saïd,no photo for this landmark
Tirupati,tirupati,10,Sri Venkateswara Gosamrakshanashala,no photo for this landmark
Tozeur,tozeur,4,Belvédère Rocks,no photo for this landmark
Tozeur,tozeur,6,Zoo du Sahara et Jardin du Paradis,no photo for this landmark
Tozeur,tozeur,7,El Ferdous Mosque,no photo for this landmark
Tozeur,tozeur,9,Central Market of Tozeur,no photo for this landmark
Trabzon,trabzon,9,Bedesten Bazaar,no photo for this landmark
Trinidad,trinidad,6,Casa de la Música Steps,no photo for this landmark
Trujillo,trujillo,9,Museo de Arqueología de la Universidad de Trujillo,no photo for this landmark
Ulaanbaatar,ulaanbaatar,10,Beatles Square,no photo for this landmark
Urganch,urganch,6,Monument to the Twenty Komsomol Members,no photo for this landmark
Varna,varna,7,Retro Museum,no photo for this landmark
Victoria,victoria,10,Bicentennial Monument (Twa Zwazo),no photo for this landmark
Vientiane,vientiane,10,COPE Visitor Centre,no photo for this landmark
Vigan,vigan,9,Baluarte ni Chavit Singson,no photo for this landmark
Vigan,vigan,10,Hidden Garden,no photo for this landmark
Vladimir,vladimir,10,"Trinity Church (Crystal, Lacquer Miniatures and Embroidery Museum)",no photo for this landmark
Weno,weno,1,Fujikawa Maru,city has no photo block
Weno,weno,2,San Francisco Maru,city has no photo block
Weno,weno,3,Shinkoku Maru,city has no photo block
Weno,weno,4,Nefo Cave,city has no photo block
Weno,weno,5,Mount Tonaachaw,city has no photo block
Weno,weno,6,Tonotan Guns and Caves,city has no photo block
Weno,weno,7,Wiichen Men's Meetinghouse,city has no photo block
Weno,weno,8,Xavier High School,city has no photo block
Weno,weno,9,Kimiuo Aisek Memorial Museum,city has no photo block
Weno,weno,10,Eten Island,city has no photo block
Whistler,whistler,8,Train Wreck Trail,no photo for this landmark
Wuyishan,wuyishan,9,Impression Da Hong Pao,no photo for this landmark
Yamoussoukro,yamoussoukro,9,Abokouamekro Game Reserve,no photo for this landmark
Yaren,yaren,2,Command Ridge,no photo for this landmark
Yaren,yaren,9,Nauru Secondary School War Memorial,no photo for this landmark
Zhangye,zhangye,6,Zhangye National Wetland Park,no photo for this landmark
Zhangye,zhangye,7,Pingshanhu Grand Canyon,no photo for this landmark
Zhaoqing,zhaoqing,9,Licha Bagua Village,no photo for this landmark
Zhaoqing,zhaoqing,10,China Inkstone Culture Village (Baishi),no photo for this landmark
Zhoushan,zhoushan,9,Dinghai Ancient City,no photo for this landmark
Zhuhai,zhuhai,5,Qi'ao Island Mangrove Wetland,no photo for this landmark
Zhuhai,zhuhai,8,Jida Fisherman's Wharf,no photo for this landmark
Ziguinchor,ziguinchor,2,Marché Saint-Maur-des-Fossés,no photo for this landmark
Ziguinchor,ziguinchor,10,Boulevard du Général de Gaulle,no photo for this landmark
Çeşme,cesme,5,Aya Yorgi Bay,no photo for this landmark
Şanlıurfa,sanliurfa,10,On Gözlü Köprü (Ten-Eyed Bridge),no photo for this landmark
